,newid,Id,ActivityDate,TotalSteps,activityinSteps,TotalDistance,VeryActiveDistance,ModeratelyActiveDistance,LightActiveDistance,VeryActiveMinutes,FairlyActiveMinutes,LightlyActiveMinutes,TotalActiveMinutes,SedentaryMinutes,Calories,TotalMinutesAsleep,TotalTimeInBed,SleepQuality,SleepStart,SleepEnd,HoursSlept
0,1503960366_2016-04-12,1503960366,2016-04-12,13162,Highly active,8.5,1.87999999523163,0.550000011920929,6.05999994277954,25,13,328,366,728,1985,327,346,94.50867052023122,02:47:30,08:32:30,5.45
1,1503960366_2016-04-13,1503960366,2016-04-13,10735,Active,6.96999979019165,1.57000005245209,0.689999997615814,4.71000003814697,21,19,217,257,776,1797,384,407,94.34889434889435,03:08:30,21:43:00,6.4
2,1503960366_2016-04-15,1503960366,2016-04-15,9762,Somewhat active,6.28000020980835,2.14000010490417,1.25999999046326,2.82999992370605,29,34,209,272,726,1745,412,442,93.21266968325791,02:59:00,10:20:00,6.87
3,1503960366_2016-04-16,1503960366,2016-04-16,12669,Highly active,8.15999984741211,2.71000003814697,0.409999996423721,5.03999996185303,36,10,221,267,773,1863,340,367,92.64305177111717,02:11:00,23:59:00,5.67
4,1503960366_2016-04-17,1503960366,2016-04-17,9705,Somewhat active,6.48000001907349,3.19000005722046,0.779999971389771,2.50999999046326,38,20,164,222,539,1728,700,712,98.31460674157303,00:00:00,11:18:00,11.67
5,1503960366_2016-04-19,1503960366,2016-04-19,15506,Highly active,9.88000011444092,3.52999997138977,1.32000005245209,5.03000020980835,50,31,264,345,775,2035,304,320,95.0,02:06:30,07:25:30,5.07
6,1503960366_2016-04-20,1503960366,2016-04-20,10544,Active,6.67999982833862,1.96000003814697,0.479999989271164,4.23999977111816,28,12,205,245,818,1786,360,377,95.49071618037135,02:01:00,08:17:00,6.0
7,1503960366_2016-04-21,1503960366,2016-04-21,9819,Somewhat active,6.34000015258789,1.3400000333786,0.349999994039536,4.65000009536743,19,8,211,238,838,1775,325,364,89.28571428571429,02:32:30,08:35:30,5.42
8,1503960366_2016-04-23,1503960366,2016-04-23,14371,Highly active,9.03999996185303,2.80999994277954,0.870000004768372,5.3600001335144,41,21,262,324,732,1949,361,384,94.01041666666666,02:23:00,08:46:00,6.02
9,1503960366_2016-04-24,1503960366,2016-04-24,10039,Active,6.40999984741211,2.92000007629395,0.209999993443489,3.27999997138977,39,5,238,282,709,1788,430,449,95.7683741648107,01:57:30,09:25:30,7.17
10,1503960366_2016-04-25,1503960366,2016-04-25,15355,Highly active,9.80000019073486,5.28999996185303,0.569999992847443,3.94000005722046,73,14,216,303,814,2013,277,323,85.75851393188854,02:56:00,08:18:00,4.62
11,1503960366_2016-04-26,1503960366,2016-04-26,13755,Highly active,8.78999996185303,2.32999992370605,0.920000016689301,5.53999996185303,31,23,279,333,833,1970,245,274,89.41605839416059,03:59:30,08:32:30,4.08
12,1503960366_2016-04-28,1503960366,2016-04-28,13154,Highly active,8.52999973297119,3.53999996185303,1.1599999666214,3.78999996185303,48,28,189,265,782,1898,366,393,93.12977099236642,02:02:00,08:34:00,6.1
13,1503960366_2016-04-29,1503960366,2016-04-29,11181,Active,7.15000009536743,1.05999994277954,0.5,5.57999992370605,16,12,243,271,815,1837,341,354,96.32768361581921,02:21:30,08:14:30,5.68
14,1503960366_2016-04-30,1503960366,2016-04-30,14673,Highly active,9.25,3.55999994277954,1.41999995708466,4.26999998092651,52,34,217,303,712,1947,404,425,95.05882352941177,01:50:00,08:54:00,6.73
15,1503960366_2016-05-01,1503960366,2016-05-01,10602,Active,6.80999994277954,2.28999996185303,1.60000002384186,2.92000007629395,33,35,246,314,730,1820,369,396,93.18181818181817,02:02:30,08:37:30,6.15
16,1503960366_2016-05-02,1503960366,2016-05-02,14727,Highly active,9.71000003814697,3.21000003814697,0.569999992847443,5.92000007629395,41,15,277,333,798,2004,277,309,89.64401294498381,03:15:30,08:23:30,4.62
17,1503960366_2016-05-03,1503960366,2016-05-03,15103,Highly active,9.65999984741211,3.73000001907349,1.04999995231628,4.88000011444092,50,24,254,328,816,1990,273,296,92.22972972972973,03:39:00,08:34:00,4.55
18,1503960366_2016-05-05,1503960366,2016-05-05,14070,Highly active,8.89999961853027,2.92000007629395,1.08000004291534,4.88000011444092,45,24,250,319,857,1959,247,264,93.56060606060606,04:16:30,08:39:30,4.12
19,1503960366_2016-05-06,1503960366,2016-05-06,12159,Active,8.02999973297119,1.97000002861023,0.25,5.80999994277954,24,6,289,319,754,1896,334,367,91.00817438692098,02:25:30,08:31:30,5.57
20,1503960366_2016-05-07,1503960366,2016-05-07,11992,Active,7.71000003814697,2.46000003814697,2.11999988555908,3.13000011444092,37,46,175,258,833,1821,331,349,94.84240687679083,02:41:00,08:29:00,5.52
21,1503960366_2016-05-08,1503960366,2016-05-08,10060,Active,6.57999992370605,3.52999997138977,0.319999992847443,2.73000001907349,44,8,203,255,574,1740,594,611,97.21767594108019,01:32:30,11:42:30,9.9
22,1503960366_2016-05-09,1503960366,2016-05-09,12022,Active,7.71999979019165,3.45000004768372,0.529999971389771,3.74000000953674,46,11,206,263,835,1819,338,342,98.83040935672514,00:35:30,06:16:30,5.63
23,1503960366_2016-05-10,1503960366,2016-05-10,12207,Active,7.76999998092651,3.34999990463257,1.1599999666214,3.25999999046326,46,31,214,291,746,1859,383,403,95.03722084367246,01:36:30,08:18:30,6.38
24,1503960366_2016-05-11,1503960366,2016-05-11,12770,Highly active,8.13000011444092,2.55999994277954,1.00999999046326,4.55000019073486,36,23,251,310,669,1783,285,306,93.13725490196079,03:08:30,08:13:30,4.75
25,1644430081_2016-04-29,1644430081,2016-04-29,3176,Sedentary,2.30999994277954,0.0,0.0,2.30999994277954,0,0,120,120,1193,2498,119,127,93.7007874015748,18:33:30,20:39:30,1.98
26,1644430081_2016-04-30,1644430081,2016-04-30,18213,Highly active,13.2399997711182,0.629999995231628,3.14000010490417,9.46000003814697,9,71,402,482,816,3846,124,142,87.32394366197182,14:54:30,17:15:30,2.07
27,1644430081_2016-05-02,1644430081,2016-05-02,3758,Sedentary,2.73000001907349,0.0700000002980232,0.310000002384186,2.34999990463257,1,7,148,156,682,2580,796,961,82.83038501560874,00:00:00,10:01:00,13.27
28,1644430081_2016-05-08,1644430081,2016-05-08,6724,Low active,4.8899998664856,0.0,0.0,4.88000011444092,0,0,295,295,991,2987,137,154,88.96103896103897,18:12:30,20:45:30,2.28
29,1844505072_2016-04-15,1844505072,2016-04-15,3844,Sedentary,2.53999996185303,0.0,0.0,2.53999996185303,0,0,176,176,527,1725,644,961,67.01352757544224,00:00:00,12:16:00,10.73
30,1844505072_2016-04-30,1844505072,2016-04-30,4014,Sedentary,2.67000007629395,0.0,0.0,2.65000009536743,0,0,184,184,218,1763,722,961,75.13007284079085,00:00:00,23:59:00,12.03
31,1844505072_2016-05-01,1844505072,2016-05-01,2573,Sedentary,1.70000004768372,0.0,0.259999990463257,1.45000004768372,0,7,75,82,585,1541,590,961,61.39438085327783,00:00:00,12:52:00,9.83
32,1927972279_2016-04-12,1927972279,2016-04-12,678,Sedentary,0.469999998807907,0.0,0.0,0.469999998807907,0,0,55,55,734,2220,750,775,96.7741935483871,00:00:00,14:12:00,12.5
33,1927972279_2016-04-13,1927972279,2016-04-13,356,Sedentary,0.25,0.0,0.0,0.25,0,0,32,32,986,2151,398,422,94.3127962085308,02:23:00,09:24:00,6.63
34,1927972279_2016-04-15,1927972279,2016-04-15,980,Sedentary,0.680000007152557,0.0,0.0,0.680000007152557,0,0,51,51,941,2221,475,499,95.19038076152304,00:00:00,09:01:00,7.92
35,1927972279_2016-04-26,1927972279,2016-04-26,3761,Sedentary,2.59999990463257,0.0,0.0,2.59999990463257,0,0,192,192,1058,2638,296,315,93.96825396825396,00:00:00,03:09:00,4.93
36,1927972279_2016-04-28,1927972279,2016-04-28,1675,Sedentary,1.1599999666214,0.0,0.0,1.1599999666214,0,0,95,95,1167,2351,166,178,93.25842696629213,11:42:00,14:39:00,2.77
37,2026352035_2016-04-12,2026352035,2016-04-12,4414,Sedentary,2.74000000953674,0.189999997615814,0.349999994039536,2.20000004768372,3,8,181,192,706,1459,503,546,92.12454212454212,00:00:00,23:59:00,8.38
38,2026352035_2016-04-13,2026352035,2016-04-13,4993,Sedentary,3.09999990463257,0.0,0.0,3.09999990463257,0,0,238,238,663,1521,531,565,93.98230088495575,00:00:00,23:59:00,8.85
39,2026352035_2016-04-14,2026352035,2016-04-14,3335,Sedentary,2.0699999332428,0.0,0.0,2.04999995231628,0,0,197,197,653,1431,545,568,95.95070422535211,00:00:00,23:59:00,9.08
40,2026352035_2016-04-15,2026352035,2016-04-15,3821,Sedentary,2.36999988555908,0.0,0.0,2.36999988555908,0,0,188,188,687,1444,523,573,91.2739965095986,00:00:00,23:59:00,8.72
41,2026352035_2016-04-16,2026352035,2016-04-16,2547,Sedentary,1.58000004291534,0.0,0.0,1.58000004291534,0,0,150,150,728,1373,524,567,92.41622574955908,00:00:00,23:59:00,8.73
42,2026352035_2016-04-17,2026352035,2016-04-17,838,Sedentary,0.519999980926514,0.0,0.0,0.519999980926514,0,0,60,60,1053,1214,437,498,87.75100401606426,00:00:00,05:26:00,7.28
43,2026352035_2016-04-19,2026352035,2016-04-19,2424,Sedentary,1.5,0.0,0.0,1.5,0,0,141,141,785,1356,498,540,92.22222222222223,00:00:00,23:59:00,8.3
44,2026352035_2016-04-20,2026352035,2016-04-20,7222,Low active,4.48000001907349,0.0,0.0,4.48000001907349,0,0,327,327,623,1667,461,510,90.3921568627451,00:00:00,23:59:30,7.68
45,2026352035_2016-04-21,2026352035,2016-04-21,2467,Sedentary,1.52999997138977,0.0,0.0,1.52999997138977,0,0,153,153,749,1370,477,514,92.80155642023347,00:00:30,23:59:00,7.95
46,2026352035_2016-04-22,2026352035,2016-04-22,2915,Sedentary,1.80999994277954,0.0,0.0,1.80999994277954,0,0,162,162,712,1399,520,545,95.41284403669725,00:00:00,23:59:00,8.67
47,2026352035_2016-04-23,2026352035,2016-04-23,12357,Active,7.71000003814697,0.0,0.0,7.71000003814697,0,0,432,432,458,1916,522,554,94.22382671480143,00:00:00,23:59:00,8.7
48,2026352035_2016-04-24,2026352035,2016-04-24,3490,Sedentary,2.16000008583069,0.0,0.0,2.16000008583069,0,0,164,164,704,1401,555,591,93.90862944162437,00:00:00,23:59:00,9.25
49,2026352035_2016-04-25,2026352035,2016-04-25,6017,Low active,3.73000001907349,0.0,0.0,3.73000001907349,0,0,260,260,821,1576,506,531,95.29190207156309,00:00:00,05:58:00,8.43
50,2026352035_2016-04-27,2026352035,2016-04-27,6088,Low active,3.76999998092651,0.0,0.0,3.76999998092651,0,0,286,286,586,1593,508,545,93.21100917431193,00:00:00,23:59:00,8.47
51,2026352035_2016-04-28,2026352035,2016-04-28,6375,Low active,3.95000004768372,0.0,0.0,3.95000004768372,0,0,331,331,626,1649,513,545,94.12844036697248,00:00:00,23:59:00,8.55
52,2026352035_2016-04-29,2026352035,2016-04-29,7604,Somewhat active,4.71000003814697,0.0,0.0,4.71000003814697,0,0,352,352,492,1692,490,510,96.07843137254902,00:00:00,23:59:00,8.17
53,2026352035_2016-04-30,2026352035,2016-04-30,4729,Sedentary,2.9300000667572,0.0,0.0,2.9300000667572,0,0,233,233,594,1506,573,607,94.3986820428336,00:00:00,23:59:00,9.55
54,2026352035_2016-05-01,2026352035,2016-05-01,3609,Sedentary,2.27999997138977,0.0,0.0,2.27999997138977,0,0,191,191,716,1447,527,546,96.52014652014653,00:00:00,23:59:00,8.78
55,2026352035_2016-05-02,2026352035,2016-05-02,7018,Low active,4.34999990463257,0.0,0.0,4.34999990463257,0,0,355,355,716,1690,511,543,94.10681399631676,00:00:00,06:08:00,8.52
56,2026352035_2016-05-04,2026352035,2016-05-04,6564,Low active,4.07000017166138,0.0,0.0,4.07000017166138,0,0,345,345,530,1658,538,560,96.07142857142857,00:00:30,23:59:30,8.97
57,2026352035_2016-05-05,2026352035,2016-05-05,12167,Active,7.53999996185303,0.0,0.0,7.53999996185303,0,0,475,475,479,1926,468,485,96.49484536082474,00:00:30,23:59:30,7.8
58,2026352035_2016-05-06,2026352035,2016-05-06,8198,Somewhat active,5.07999992370605,0.0,0.0,5.07999992370605,0,0,383,383,511,1736,524,548,95.62043795620438,00:00:30,23:59:30,8.73
59,2026352035_2016-05-07,2026352035,2016-05-07,4193,Sedentary,2.59999990463257,0.0,0.0,2.59999990463257,0,0,229,229,665,1491,511,521,98.0806142034549,00:00:30,23:59:00,8.52
60,2026352035_2016-05-08,2026352035,2016-05-08,5528,Low active,3.45000004768372,0.0,0.0,3.45000004768372,0,0,258,258,610,1555,541,568,95.24647887323944,00:00:00,23:59:00,9.02
61,2026352035_2016-05-09,2026352035,2016-05-09,10685,Active,6.61999988555908,0.0,0.0,6.59999990463257,0,0,401,401,543,1869,531,556,95.50359712230215,00:00:00,23:59:00,8.85
62,2026352035_2016-05-10,2026352035,2016-05-10,254,Sedentary,0.159999996423721,0.0,0.0,0.159999996423721,0,0,17,17,1002,1141,357,380,93.94736842105263,00:00:00,23:59:30,5.95
63,2026352035_2016-05-11,2026352035,2016-05-11,8580,Somewhat active,5.32000017166138,0.0,0.0,5.32000017166138,0,0,330,330,569,1698,523,553,94.57504520795659,00:00:30,23:59:00,8.72
64,2026352035_2016-05-12,2026352035,2016-05-12,8891,Somewhat active,5.51000022888184,0.0,0.0,5.51000022888184,0,0,343,343,330,1364,456,485,94.02061855670102,00:00:00,05:29:00,7.6
65,2320127002_2016-04-23,2320127002,2016-04-23,5079,Low active,3.42000007629395,0.0,0.0,3.42000007629395,0,0,242,242,1129,1804,61,69,88.40579710144928,20:10:30,21:18:30,1.02
66,2347167796_2016-04-13,2347167796,2016-04-13,10352,Active,7.01000022888184,1.6599999666214,1.94000005722046,3.41000008583069,19,32,195,246,676,2038,467,531,87.94726930320151,00:00:00,23:59:00,7.78
67,2347167796_2016-04-14,2347167796,2016-04-14,10129,Active,6.69999980926514,0.0199999995529652,2.74000000953674,3.94000005722046,1,48,206,255,705,2010,445,489,91.00204498977506,00:00:00,23:59:00,7.42
68,2347167796_2016-04-15,2347167796,2016-04-15,10465,Active,6.92000007629395,0.0700000002980232,1.41999995708466,5.42999982833862,1,24,284,309,720,2133,452,504,89.68253968253968,00:00:00,06:50:00,7.53
69,2347167796_2016-04-17,2347167796,2016-04-17,5472,Low active,3.61999988555908,0.0799999982118607,0.280000001192093,3.25999999046326,1,7,249,257,508,1882,556,602,92.35880398671097,00:00:00,23:59:00,9.27
70,2347167796_2016-04-18,2347167796,2016-04-18,8247,Somewhat active,5.44999980926514,0.790000021457672,0.860000014305115,3.78999996185303,11,16,206,233,678,1944,500,557,89.76660682226212,00:00:00,23:59:30,8.33
71,2347167796_2016-04-19,2347167796,2016-04-19,6711,Low active,4.44000005722046,0.0,0.0,4.44000005722046,0,7,382,389,648,2346,465,514,90.46692607003891,00:00:30,06:42:30,7.75
72,2347167796_2016-04-21,2347167796,2016-04-21,10080,Active,6.75,1.85000002384186,1.52999997138977,3.38000011444092,23,26,208,257,761,2048,460,484,95.0413223140496,00:00:00,23:59:30,7.67
73,2347167796_2016-04-22,2347167796,2016-04-22,7804,Somewhat active,5.15999984741211,0.560000002384186,1.67999994754791,2.92000007629395,9,27,206,242,781,1946,405,461,87.85249457700651,00:00:30,06:56:30,6.75
74,2347167796_2016-04-23,2347167796,2016-04-23,16901,Highly active,11.3699998855591,2.77999997138977,1.45000004768372,7.15000009536743,32,35,360,427,591,2629,374,386,96.89119170984456,00:20:30,23:59:30,6.23
75,2347167796_2016-04-24,2347167796,2016-04-24,9471,Somewhat active,6.26000022888184,0.0,0.0,6.26000022888184,0,0,360,360,584,2187,442,459,96.29629629629629,00:00:30,23:59:00,7.37
76,2347167796_2016-04-25,2347167796,2016-04-25,9482,Somewhat active,6.38000011444092,1.26999998092651,0.519999980926514,4.59999990463257,15,11,277,303,653,2095,433,471,91.93205944798302,00:00:00,23:59:30,7.22
77,2347167796_2016-04-26,2347167796,2016-04-26,5980,Low active,3.95000004768372,0.0,0.0,3.95000004768372,0,0,227,227,732,1861,436,490,88.9795918367347,00:00:30,23:59:30,7.27
78,2347167796_2016-04-27,2347167796,2016-04-27,11423,Active,7.57999992370605,1.86000001430511,0.400000005960464,5.32000017166138,26,9,295,330,623,2194,448,499,89.77955911823648,00:00:30,23:59:00,7.47
79,2347167796_2016-04-28,2347167796,2016-04-28,5439,Low active,3.59999990463257,0.0,0.0,3.59999990463257,0,0,229,229,764,1854,408,450,90.66666666666666,00:00:00,23:59:00,6.8
80,2347167796_2016-04-29,2347167796,2016-04-29,42,Sedentary,0.0299999993294477,0.0,0.0,0.0299999993294477,0,0,4,4,2,403,411,473,86.89217758985201,00:00:00,06:51:00,6.85
81,3977333714_2016-04-12,3977333714,2016-04-12,8856,Somewhat active,5.98000001907349,3.05999994277954,0.910000026226044,2.00999999046326,44,19,131,194,777,1450,274,469,58.42217484008528,00:35:00,08:23:00,4.57
82,3977333714_2016-04-13,3977333714,2016-04-13,10035,Active,6.71000003814697,2.02999997138977,2.13000011444092,2.54999995231628,31,46,153,230,754,1495,295,456,64.69298245614034,00:45:00,21:21:30,4.92
83,3977333714_2016-04-14,3977333714,2016-04-14,7641,Somewhat active,5.1100001335144,0.319999992847443,0.970000028610229,3.8199999332428,5,23,214,242,801,1433,291,397,73.29974811083123,01:35:00,08:11:00,4.85
84,3977333714_2016-04-15,3977333714,2016-04-15,9010,Somewhat active,6.05999994277954,1.04999995231628,1.75,3.25999999046326,15,42,183,240,644,1468,424,556,76.2589928057554,02:05:00,11:20:00,7.07
85,3977333714_2016-04-16,3977333714,2016-04-16,13459,Highly active,9.0,2.02999997138977,4.0,2.97000002861023,31,83,153,267,663,1625,283,510,55.490196078431374,00:10:30,08:39:30,4.72
86,3977333714_2016-04-17,3977333714,2016-04-17,10415,Active,6.96999979019165,0.699999988079071,2.34999990463257,3.92000007629395,11,58,205,274,600,1529,381,566,67.31448763250883,00:21:00,09:46:00,6.35
87,3977333714_2016-04-18,3977333714,2016-04-18,11663,Active,7.80000019073486,0.25,3.73000001907349,3.8199999332428,4,95,214,313,605,1584,412,522,78.9272030651341,01:04:00,16:34:00,6.87
88,3977333714_2016-04-19,3977333714,2016-04-19,12414,Active,8.77999973297119,2.24000000953674,2.45000004768372,3.96000003814697,19,67,221,307,738,1638,219,395,55.44303797468354,01:58:30,08:32:30,3.65
89,3977333714_2016-04-20,3977333714,2016-04-20,11658,Active,7.82999992370605,0.200000002980232,4.34999990463257,3.27999997138977,2,98,164,264,845,1554,152,305,49.8360655737705,04:52:00,23:59:00,2.53
90,3977333714_2016-04-21,3977333714,2016-04-21,6093,Low active,4.07999992370605,0.0,0.0,4.05999994277954,0,0,242,242,712,1397,332,512,64.84375,00:00:00,08:05:00,5.53
91,3977333714_2016-04-22,3977333714,2016-04-22,8911,Somewhat active,5.96000003814697,2.32999992370605,0.579999983310699,3.05999994277954,33,12,188,233,731,1481,355,476,74.57983193277312,01:43:30,09:38:30,5.92
92,3977333714_2016-04-23,3977333714,2016-04-23,12058,Active,8.06999969482422,0.0,4.21999979019165,3.84999990463257,0,92,252,344,724,1638,235,372,63.17204301075269,01:24:00,07:35:00,3.92
93,3977333714_2016-04-24,3977333714,2016-04-24,14112,Highly active,10.0,3.26999998092651,4.55999994277954,2.17000007629395,30,95,129,254,660,1655,310,526,58.935361216730044,00:28:00,09:13:00,5.17
94,3977333714_2016-04-25,3977333714,2016-04-25,11177,Active,8.47999954223633,5.61999988555908,0.430000007152557,2.41000008583069,50,9,133,192,781,1570,262,467,56.102783725910065,01:15:00,09:01:00,4.37
95,3977333714_2016-04-26,3977333714,2016-04-26,11388,Active,7.61999988555908,0.449999988079071,4.21999979019165,2.95000004768372,7,95,170,272,797,1551,250,371,67.38544474393531,03:06:00,09:16:00,4.17
96,3977333714_2016-04-27,3977333714,2016-04-27,7193,Low active,5.03999996185303,0.0,0.419999986886978,4.61999988555908,0,10,176,186,714,1377,349,540,64.62962962962962,00:39:00,09:38:00,5.82
97,3977333714_2016-04-28,3977333714,2016-04-28,7114,Low active,4.88000011444092,1.37000000476837,0.28999999165535,3.22000002861023,15,8,190,213,804,1407,261,423,61.702127659574465,02:41:00,09:43:00,4.35
98,3977333714_2016-04-29,3977333714,2016-04-29,10645,Active,7.75,3.74000000953674,1.29999995231628,2.71000003814697,36,32,150,218,744,1545,333,478,69.6652719665272,00:27:00,08:24:00,5.55
99,3977333714_2016-04-30,3977333714,2016-04-30,13238,Highly active,9.19999980926514,3.69000005722046,2.09999990463257,3.41000008583069,43,52,194,289,687,1650,237,382,62.04188481675392,00:20:00,23:59:00,3.95
100,3977333714_2016-05-01,3977333714,2016-05-01,10414,Active,7.07000017166138,2.67000007629395,1.98000001907349,2.41000008583069,41,40,124,205,691,1501,383,626,61.18210862619809,00:00:00,09:03:00,6.38
101,3977333714_2016-05-02,3977333714,2016-05-02,16520,Highly active,11.0500001907349,1.53999996185303,6.48000001907349,3.01999998092651,24,143,176,343,713,1760,230,384,59.895833333333336,00:52:00,07:15:00,3.83
102,3977333714_2016-05-03,3977333714,2016-05-03,14335,Highly active,9.59000015258789,3.3199999332428,1.74000000953674,4.53000020980835,47,41,258,346,594,1710,292,500,58.4,00:52:30,09:11:30,4.87
103,3977333714_2016-05-04,3977333714,2016-05-04,13559,Highly active,9.4399995803833,1.80999994277954,4.57999992370605,2.89000010490417,14,96,142,252,852,1628,213,336,63.39285714285714,02:36:30,08:11:30,3.55
104,3977333714_2016-05-05,3977333714,2016-05-05,12312,Active,8.57999992370605,1.75999999046326,4.1100001335144,2.71000003814697,14,88,178,280,680,1618,318,480,66.25,00:51:00,08:50:00,5.3
105,3977333714_2016-05-06,3977333714,2016-05-06,11677,Active,8.27999973297119,3.10999989509583,2.50999999046326,2.67000007629395,29,55,168,252,676,1590,323,512,63.0859375,00:39:30,09:10:30,5.38
106,3977333714_2016-05-07,3977333714,2016-05-07,11550,Active,7.73000001907349,0.0,4.13000011444092,3.58999991416931,0,86,208,294,703,1574,237,443,53.49887133182845,01:07:00,08:29:00,3.95
107,3977333714_2016-05-08,3977333714,2016-05-08,13585,Highly active,9.09000015258789,0.680000007152557,5.23999977111816,3.17000007629395,9,116,171,296,688,1633,259,456,56.79824561403509,02:10:00,15:03:30,4.32
108,3977333714_2016-05-10,3977333714,2016-05-10,13072,Highly active,8.77999973297119,0.0700000002980232,5.40000009536743,3.30999994277954,1,115,196,312,676,1630,312,452,69.02654867256636,00:46:00,08:17:00,5.2
109,4020332650_2016-04-12,4020332650,2016-04-12,8539,Somewhat active,6.11999988555908,0.150000005960464,0.239999994635582,5.67999982833862,4,15,331,350,712,3654,501,541,92.60628465804066,00:00:00,06:17:00,8.35
110,4020332650_2016-04-16,4020332650,2016-04-16,1982,Sedentary,1.41999995708466,0.449999988079071,0.370000004768372,0.589999973773956,65,21,55,141,1222,3051,77,77,100.0,01:31:00,02:47:00,1.28
111,4020332650_2016-05-03,4020332650,2016-05-03,4496,Sedentary,3.22000002861023,0.0,0.0,3.15000009536743,0,0,174,174,950,2828,322,332,96.98795180722891,00:00:00,23:59:30,5.37
112,4020332650_2016-05-04,4020332650,2016-05-04,10252,Active,7.34999990463257,0.670000016689301,1.03999996185303,5.57999992370605,13,46,346,405,531,3879,478,536,89.17910447761194,00:00:30,08:23:30,7.97
113,4020332650_2016-05-05,4020332650,2016-05-05,11728,Active,8.43000030517578,2.61999988555908,1.67999994754791,4.03999996185303,38,42,196,276,916,3429,226,248,91.12903225806451,00:36:00,04:43:00,3.77
114,4020332650_2016-05-06,4020332650,2016-05-06,4369,Sedentary,3.13000011444092,0.0,0.0,3.09999990463257,0,0,177,177,855,2704,385,408,94.36274509803921,00:27:30,07:14:30,6.42
115,4020332650_2016-05-08,4020332650,2016-05-08,5862,Low active,4.19999980926514,0.0,0.0,4.15000009536743,0,0,263,263,775,3089,364,402,90.54726368159204,00:37:00,07:18:00,6.07
116,4020332650_2016-05-10,4020332650,2016-05-10,5546,Low active,3.98000001907349,0.0,0.0,3.86999988555908,0,0,206,206,774,2926,442,494,89.47368421052632,00:00:00,07:39:00,7.37
117,4319703577_2016-04-14,4319703577,2016-04-14,10210,Active,6.88000011444092,0.109999999403954,0.330000013113022,6.44000005722046,1,9,339,349,589,2302,535,557,96.05026929982047,00:00:00,23:59:30,8.92
118,4319703577_2016-04-15,4319703577,2016-04-15,5664,Low active,3.79999995231628,0.0,0.0,3.79999995231628,0,0,228,228,752,1985,465,491,94.70468431771894,00:00:30,07:38:30,7.75
119,4319703577_2016-04-16,4319703577,2016-04-16,4744,Sedentary,3.1800000667572,0.0,0.0,3.1800000667572,0,0,194,194,724,1884,506,522,96.93486590038314,00:10:30,08:51:30,8.43
120,4319703577_2016-04-18,4319703577,2016-04-18,2276,Sedentary,1.54999995231628,0.0700000002980232,0.330000013113022,1.12000000476837,1,9,58,68,824,1632,515,551,93.46642468239564,00:00:00,23:59:00,8.58
121,4319703577_2016-04-19,4319703577,2016-04-19,8925,Somewhat active,5.98999977111816,0.0,0.0,5.98999977111816,0,0,311,311,604,2200,461,498,92.570281124498,00:00:00,23:59:00,7.68
122,4319703577_2016-04-20,4319703577,2016-04-20,8954,Somewhat active,6.01000022888184,0.0,0.680000007152557,5.30999994277954,0,18,306,324,671,2220,523,543,96.31675874769797,00:00:00,07:24:00,8.72
123,4319703577_2016-04-21,4319703577,2016-04-21,3702,Sedentary,2.48000001907349,0.0,0.0,0.349999994039536,0,0,34,34,1265,1792,59,65,90.76923076923077,16:33:00,23:59:30,0.98
124,4319703577_2016-04-22,4319703577,2016-04-22,4500,Sedentary,3.01999998092651,0.0599999986588955,0.810000002384186,2.15000009536743,1,19,176,196,709,1886,533,550,96.9090909090909,00:00:30,23:59:00,8.88
125,4319703577_2016-04-23,4319703577,2016-04-23,4935,Sedentary,3.30999994277954,0.0,0.0,3.30999994277954,0,0,233,233,546,1945,692,722,95.84487534626038,00:00:00,11:00:00,11.53
126,4319703577_2016-04-24,4319703577,2016-04-24,4081,Sedentary,2.74000000953674,0.0599999986588955,0.200000002980232,2.47000002861023,1,5,191,197,692,1880,467,501,93.21357285429141,00:09:00,23:59:00,7.78
127,4319703577_2016-04-25,4319703577,2016-04-25,9259,Somewhat active,6.21000003814697,0.0,0.280000001192093,5.92999982833862,0,8,390,398,544,2314,488,506,96.44268774703558,00:00:00,23:59:00,8.13
128,4319703577_2016-04-26,4319703577,2016-04-26,9899,Somewhat active,6.6399998664856,0.569999992847443,0.920000016689301,5.15000009536743,8,21,288,317,649,2236,505,516,97.86821705426357,00:00:00,07:53:00,8.42
129,4319703577_2016-04-27,4319703577,2016-04-27,10780,Active,7.23000001907349,0.409999996423721,1.91999995708466,4.90999984741211,6,47,300,353,680,2324,286,307,93.15960912052117,02:29:00,23:59:30,4.77
130,4319703577_2016-04-28,4319703577,2016-04-28,10817,Active,7.28000020980835,1.00999999046326,0.330000013113022,5.94000005722046,13,8,359,380,552,2367,497,522,95.21072796934867,00:00:30,23:59:30,8.28
131,4319703577_2016-04-29,4319703577,2016-04-29,7990,Somewhat active,5.3600001335144,0.449999988079071,0.790000021457672,4.11999988555908,6,18,289,313,624,2175,523,546,95.7875457875458,00:00:30,23:59:00,8.72
132,4319703577_2016-04-30,4319703577,2016-04-30,8221,Somewhat active,5.51999998092651,0.400000005960464,1.61000001430511,3.50999999046326,6,38,196,240,695,2092,490,516,94.96124031007753,00:00:00,23:59:00,8.17
133,4319703577_2016-05-01,4319703577,2016-05-01,1251,Sedentary,0.839999973773956,0.0,0.0,0.839999973773956,0,0,67,67,836,1593,484,500,96.8,00:00:00,23:59:30,8.07
134,4319703577_2016-05-02,4319703577,2016-05-02,9261,Somewhat active,6.23999977111816,0.0,0.439999997615814,5.71000003814697,0,11,344,355,585,2270,478,506,94.46640316205533,00:00:30,23:59:30,7.97
135,4319703577_2016-05-03,4319703577,2016-05-03,9648,Somewhat active,6.46999979019165,0.579999983310699,1.07000005245209,4.82999992370605,8,26,287,321,669,2235,474,512,92.578125,00:00:30,07:29:30,7.9
136,4319703577_2016-05-06,4319703577,2016-05-06,9524,Somewhat active,6.42000007629395,0.409999996423721,0.469999998807907,5.46000003814697,6,11,314,331,692,2266,450,491,91.64969450101833,00:00:30,23:59:00,7.5
137,4319703577_2016-05-07,4319703577,2016-05-07,7937,Somewhat active,5.32999992370605,0.189999997615814,1.04999995231628,4.07999992370605,3,28,279,310,586,2158,507,530,95.66037735849056,00:00:00,23:59:30,8.45
138,4319703577_2016-05-08,4319703577,2016-05-08,3672,Sedentary,2.46000003814697,0.0,0.0,2.46000003814697,0,0,153,153,603,1792,602,638,94.35736677115987,00:00:30,23:59:30,10.03
139,4319703577_2016-05-09,4319703577,2016-05-09,10378,Active,6.96000003814697,0.140000000596046,0.560000002384186,6.25,2,14,374,390,490,2345,535,565,94.69026548672566,00:00:30,23:59:30,8.92
140,4319703577_2016-05-10,4319703577,2016-05-10,9487,Somewhat active,6.36999988555908,0.209999993443489,0.46000000834465,5.69999980926514,3,12,329,344,555,2260,487,517,94.1972920696325,00:00:30,23:59:00,8.12
141,4319703577_2016-05-11,4319703577,2016-05-11,9129,Somewhat active,6.13000011444092,0.200000002980232,0.740000009536743,5.17999982833862,3,18,311,332,574,2232,529,558,94.80286738351255,00:00:00,23:59:30,8.82
142,4319703577_2016-05-12,4319703577,2016-05-12,17,Sedentary,0.0099999997764825,0.0,0.0,0.0099999997764825,0,0,2,2,0,257,302,321,94.0809968847352,00:00:30,04:07:30,5.03
143,4388161847_2016-04-15,4388161847,2016-04-15,8758,Somewhat active,6.73000001907349,0.0,0.0,6.73000001907349,0,0,299,299,837,3066,499,526,94.86692015209125,00:00:00,23:59:30,8.32
144,4388161847_2016-04-16,4388161847,2016-04-16,6580,Low active,5.05999994277954,0.209999993443489,0.400000005960464,4.44999980926514,6,9,253,268,609,3073,426,448,95.08928571428571,00:00:30,23:59:30,7.1
145,4388161847_2016-04-17,4388161847,2016-04-17,4660,Sedentary,3.57999992370605,0.0,0.0,3.57999992370605,0,0,201,201,721,2572,619,641,96.56786271450858,00:00:30,15:39:30,10.32
146,4388161847_2016-04-18,4388161847,2016-04-18,11009,Active,9.10000038146973,3.55999994277954,0.400000005960464,5.1399998664856,27,8,239,274,1017,3274,99,104,95.1923076923077,20:59:30,23:59:00,1.65
147,4388161847_2016-04-19,4388161847,2016-04-19,10181,Active,7.82999992370605,1.37000000476837,0.689999997615814,5.76999998092651,20,16,249,285,704,3015,329,338,97.33727810650888,00:00:00,23:59:00,5.48
148,4388161847_2016-04-20,4388161847,2016-04-20,10553,Active,8.11999988555908,1.10000002384186,1.72000002861023,5.28999996185303,19,42,228,289,696,3083,421,451,93.34811529933481,00:00:00,23:59:00,7.02
149,4388161847_2016-04-21,4388161847,2016-04-21,10055,Active,7.73000001907349,0.370000004768372,0.389999985694885,6.98000001907349,7,12,272,291,853,3069,442,458,96.50655021834062,00:00:00,04:55:00,7.37
150,4388161847_2016-04-22,4388161847,2016-04-22,12139,Active,9.34000015258789,3.29999995231628,1.11000001430511,4.92000007629395,77,25,220,322,945,3544,82,85,96.47058823529412,15:54:30,23:59:00,1.37
151,4388161847_2016-04-23,4388161847,2016-04-23,13236,Highly active,10.1800003051758,4.5,0.319999992847443,5.34999990463257,58,5,215,278,749,3306,478,501,95.40918163672654,00:00:00,06:52:00,7.97
152,4388161847_2016-04-24,4388161847,2016-04-24,10243,Active,7.88000011444092,1.08000004291534,0.509999990463257,6.30000019073486,14,8,239,261,584,2885,552,595,92.77310924369748,00:18:00,17:59:30,9.2
153,4388161847_2016-04-26,4388161847,2016-04-26,9461,Somewhat active,7.28000020980835,0.939999997615814,1.05999994277954,5.26999998092651,14,23,224,261,673,2929,319,346,92.1965317919075,00:00:00,23:59:30,5.32
154,4388161847_2016-04-27,4388161847,2016-04-27,11193,Active,8.60999965667725,0.699999988079071,2.50999999046326,5.3899998664856,11,48,241,300,684,3074,439,500,87.8,00:00:30,23:59:00,7.32
155,4388161847_2016-04-28,4388161847,2016-04-28,10074,Active,7.75,1.28999996185303,0.430000007152557,6.03000020980835,19,9,234,262,878,2969,428,458,93.44978165938865,00:00:00,04:59:00,7.13
156,4388161847_2016-04-30,4388161847,2016-04-30,12533,Highly active,9.64000034332275,0.699999988079071,2.0,6.94000005722046,14,43,300,357,537,3283,409,430,95.11627906976744,00:16:30,23:59:00,6.82
157,4388161847_2016-05-01,4388161847,2016-05-01,10255,Active,7.8899998664856,1.00999999046326,0.680000007152557,6.19999980926514,12,15,241,268,579,2926,547,597,91.62479061976549,00:00:00,23:59:00,9.12
158,4388161847_2016-05-02,4388161847,2016-05-02,10096,Active,8.39999961853027,3.76999998092651,0.0799999982118607,4.55000019073486,33,4,204,241,935,3147,368,376,97.87234042553192,00:00:00,05:44:00,6.13
159,4388161847_2016-05-04,4388161847,2016-05-04,12375,Active,9.52000045776367,2.78999996185303,0.930000007152557,5.80000019073486,35,21,251,307,632,3162,390,414,94.20289855072464,00:00:00,23:59:00,6.5
160,4388161847_2016-05-05,4388161847,2016-05-05,9603,Somewhat active,7.38000011444092,0.629999995231628,1.66999995708466,5.09000015258789,12,39,199,250,896,2899,471,495,95.15151515151516,00:00:00,04:53:00,7.85
161,4388161847_2016-05-05,4388161847,2016-05-05,9603,Somewhat active,7.38000011444092,0.629999995231628,1.66999995708466,5.09000015258789,12,39,199,250,896,2899,471,495,95.15151515151516,00:00:00,04:53:00,7.85
162,4388161847_2016-05-07,4388161847,2016-05-07,22770,Highly active,17.5400009155273,9.44999980926514,2.76999998092651,5.32999992370605,120,56,260,436,508,4022,472,496,95.16129032258065,00:03:00,08:18:00,7.87
163,4388161847_2016-05-08,4388161847,2016-05-08,17298,Highly active,14.3800001144409,9.89000034332275,1.25999999046326,3.23000001907349,107,38,178,323,576,3934,529,541,97.78188539741221,01:01:00,12:40:00,8.82
164,4388161847_2016-05-09,4388161847,2016-05-09,10218,Active,7.8600001335144,0.340000003576279,0.730000019073486,6.78999996185303,6,19,258,283,1020,3013,62,65,95.38461538461539,20:13:00,23:59:00,1.03
165,4388161847_2016-05-10,4388161847,2016-05-10,10299,Active,7.92000007629395,0.810000002384186,0.649999976158142,6.46000003814697,13,14,267,294,648,3061,354,375,94.39999999999999,00:00:00,23:59:30,5.9
166,4388161847_2016-05-11,4388161847,2016-05-11,10201,Active,7.84000015258789,0.529999971389771,0.790000021457672,6.53000020980835,8,18,256,282,858,2954,469,494,94.93927125506073,00:00:30,04:58:30,7.82
167,4445114986_2016-04-12,4445114986,2016-04-12,3276,Sedentary,2.20000004768372,0.0,0.0,2.20000004768372,0,0,196,196,787,2113,429,457,93.8730853391685,01:44:00,11:14:00,7.15
168,4445114986_2016-04-13,4445114986,2016-04-13,2961,Sedentary,1.99000000953674,0.0,0.0,1.99000000953674,0,0,194,194,840,2095,370,406,91.13300492610837,01:47:00,10:52:30,6.17
169,4445114986_2016-04-14,4445114986,2016-04-14,3974,Sedentary,2.67000007629395,0.0,0.0,2.67000007629395,0,0,231,231,717,2194,441,492,89.63414634146342,03:05:00,11:16:00,7.35
170,4445114986_2016-04-15,4445114986,2016-04-15,7198,Low active,4.82999992370605,0.0,0.0,4.82999992370605,0,0,350,350,711,2496,337,379,88.91820580474933,00:35:00,07:14:00,5.62
171,4445114986_2016-04-16,4445114986,2016-04-16,3945,Sedentary,2.65000009536743,0.0,0.0,2.65000009536743,0,0,225,225,716,2180,462,499,92.58517034068137,01:36:30,09:54:30,7.7
172,4445114986_2016-04-17,4445114986,2016-04-17,2268,Sedentary,1.51999998092651,0.0,0.0,1.51999998092651,0,0,114,114,1219,1933,98,107,91.58878504672897,02:24:00,04:10:00,1.63
173,4445114986_2016-04-19,4445114986,2016-04-19,2064,Sedentary,1.38999998569489,0.0,0.0,1.38999998569489,0,0,121,121,895,1954,388,424,91.50943396226415,01:43:00,11:13:00,6.47
174,4445114986_2016-04-20,4445114986,2016-04-20,2072,Sedentary,1.38999998569489,0.0,0.0,1.38999998569489,0,0,137,137,841,1974,439,462,95.02164502164501,02:57:30,10:38:30,7.32
175,4445114986_2016-04-21,4445114986,2016-04-21,3809,Sedentary,2.55999994277954,0.0,0.0,2.53999996185303,0,0,215,215,756,2150,436,469,92.96375266524521,03:11:30,10:59:30,7.27
176,4445114986_2016-04-22,4445114986,2016-04-22,6831,Low active,4.57999992370605,0.0,0.0,4.57999992370605,0,0,317,317,706,2432,388,417,93.04556354916068,03:17:30,10:13:30,6.47
177,4445114986_2016-04-25,4445114986,2016-04-25,3385,Sedentary,2.26999998092651,0.0,0.0,2.26999998092651,0,0,179,179,916,2070,328,345,95.07246376811594,01:52:00,07:36:00,5.47
178,4445114986_2016-04-26,4445114986,2016-04-26,6326,Low active,4.40999984741211,2.41000008583069,0.0399999991059303,1.96000003814697,29,1,180,210,839,2291,353,391,90.28132992327366,02:17:30,10:12:00,5.88
179,4445114986_2016-04-27,4445114986,2016-04-27,7243,Low active,5.03000020980835,2.61999988555908,0.0299999993294477,2.38000011444092,32,1,194,227,839,2361,332,374,88.77005347593582,03:48:00,10:01:00,5.53
180,4445114986_2016-04-28,4445114986,2016-04-28,4493,Sedentary,3.00999999046326,0.0,0.0,3.00999999046326,0,0,236,236,762,2203,419,442,94.79638009049773,04:05:00,11:26:00,6.98
181,4445114986_2016-04-29,4445114986,2016-04-29,4676,Sedentary,3.14000010490417,0.0,0.0,3.13000011444092,0,0,226,226,1106,2196,106,108,98.14814814814815,02:55:30,04:42:30,1.77
182,4445114986_2016-04-30,4445114986,2016-04-30,6222,Low active,4.17999982833862,0.0,0.0,4.17999982833862,0,0,290,290,797,2363,322,353,91.21813031161473,02:11:00,08:03:00,5.37
183,4445114986_2016-05-01,4445114986,2016-05-01,5232,Low active,3.50999999046326,0.0,0.0,3.50999999046326,0,0,240,240,741,2246,439,459,95.64270152505446,02:18:30,10:59:00,7.32
184,4445114986_2016-05-02,4445114986,2016-05-02,6910,Low active,4.75,2.21000003814697,0.189999997615814,2.34999990463257,27,4,200,231,667,2336,502,542,92.619926199262,02:12:00,11:13:00,8.37
185,4445114986_2016-05-03,4445114986,2016-05-03,7502,Somewhat active,5.17999982833862,2.48000001907349,0.109999999403954,2.57999992370605,30,2,233,265,725,2421,417,450,92.66666666666666,01:39:00,11:11:00,6.95
186,4445114986_2016-05-04,4445114986,2016-05-04,2923,Sedentary,1.96000003814697,0.0,0.0,1.96000003814697,0,0,180,180,897,2070,337,363,92.8374655647383,03:19:00,11:28:00,5.62
187,4445114986_2016-05-05,4445114986,2016-05-05,3800,Sedentary,2.54999995231628,0.119999997317791,0.239999994635582,2.1800000667572,2,6,185,193,734,2120,462,513,90.05847953216374,01:24:00,11:24:30,7.7
188,4445114986_2016-05-06,4445114986,2016-05-06,4514,Sedentary,3.02999997138977,0.0,0.0,3.02999997138977,0,0,229,229,809,2211,374,402,93.03482587064677,02:18:00,11:00:30,6.23
189,4445114986_2016-05-07,4445114986,2016-05-07,5183,Low active,3.58999991416931,2.13000011444092,0.189999997615814,1.25,26,4,108,138,866,2123,401,436,91.97247706422019,02:52:30,17:07:00,6.68
190,4445114986_2016-05-08,4445114986,2016-05-08,7303,Low active,4.90000009536743,0.0,0.25,4.65000009536743,0,8,308,316,733,2423,361,391,92.32736572890026,02:34:00,09:04:00,6.02
191,4445114986_2016-05-09,4445114986,2016-05-09,5275,Low active,3.53999996185303,0.0,0.0,3.53999996185303,0,0,266,266,641,2281,457,533,85.74108818011257,00:51:00,09:43:00,7.62
192,4445114986_2016-05-10,4445114986,2016-05-10,3915,Sedentary,2.63000011444092,0.0,0.0,2.63000011444092,0,0,231,231,783,2181,405,426,95.07042253521126,02:57:00,10:02:00,6.75
193,4445114986_2016-05-11,4445114986,2016-05-11,9105,Somewhat active,6.1100001335144,2.25,1.0,2.85999989509583,34,22,232,288,622,2499,499,530,94.15094339622641,01:23:00,10:12:00,8.32
194,4445114986_2016-05-12,4445114986,2016-05-12,768,Sedentary,0.519999980926514,0.0,0.0,0.519999980926514,0,0,58,58,380,1212,483,501,96.40718562874252,01:36:00,09:56:00,8.05
195,4558609924_2016-04-21,4558609924,2016-04-21,13743,Highly active,9.07999992370605,0.419999986886978,0.970000028610229,7.69999980926514,6,21,432,459,844,2486,126,137,91.97080291970804,00:06:30,02:22:30,2.1
196,4558609924_2016-04-26,4558609924,2016-04-26,9148,Somewhat active,6.05000019073486,0.430000007152557,2.02999997138977,3.58999991416931,12,41,283,336,1062,2223,103,121,85.12396694214877,00:00:00,00:41:00,1.72
197,4558609924_2016-04-29,4558609924,2016-04-29,7833,Somewhat active,5.17999982833862,1.01999998092651,1.85000002384186,2.30999994277954,15,29,197,241,1096,1918,171,179,95.53072625698324,00:00:00,01:42:00,2.85
198,4558609924_2016-05-01,4558609924,2016-05-01,3428,Sedentary,2.26999998092651,0.0,0.0,2.26999998092651,0,0,190,190,1121,1692,115,129,89.14728682170544,20:32:00,22:40:00,1.92
199,4558609924_2016-05-08,4558609924,2016-05-08,6543,Low active,4.32999992370605,1.79999995231628,0.5,2.01999998092651,66,35,238,339,1019,2666,123,134,91.7910447761194,00:00:30,01:21:30,2.05
200,4702921684_2016-04-12,4702921684,2016-04-12,7213,Low active,5.88000011444092,0.0,0.0,5.84999990463257,0,0,263,263,718,2947,425,439,96.81093394077449,00:00:30,23:59:00,7.08
201,4702921684_2016-04-13,4702921684,2016-04-13,6877,Low active,5.57999992370605,0.0,0.0,5.57999992370605,0,0,258,258,777,2898,400,430,93.02325581395348,00:00:00,23:59:30,6.67
202,4702921684_2016-04-14,4702921684,2016-04-14,7860,Somewhat active,6.36999988555908,0.0,0.0,6.36999988555908,0,0,271,271,772,2984,384,415,92.53012048192771,00:00:30,23:59:30,6.4
203,4702921684_2016-04-15,4702921684,2016-04-15,6506,Low active,5.28000020980835,0.0700000002980232,0.419999986886978,4.78999996185303,1,8,256,265,944,2896,253,257,98.44357976653697,00:00:30,03:50:30,4.22
204,4702921684_2016-04-16,4702921684,2016-04-16,11140,Active,9.02999973297119,0.239999994635582,1.25,7.53999996185303,3,24,335,362,556,3328,382,406,94.08866995073892,00:07:30,23:59:30,6.37
205,4702921684_2016-04-17,4702921684,2016-04-17,12692,Highly active,10.289999961853,0.959999978542328,3.46000003814697,5.88000011444092,12,66,302,380,437,3394,591,612,96.56862745098039,00:00:30,23:59:00,9.85
206,4702921684_2016-04-18,4702921684,2016-04-18,9105,Somewhat active,7.38000011444092,1.82000005245209,1.49000000953674,4.07000017166138,22,30,191,243,890,3013,293,312,93.91025641025641,00:00:00,23:59:00,4.88
207,4702921684_2016-04-19,4702921684,2016-04-19,6708,Low active,5.44000005722046,0.879999995231628,0.370000004768372,4.19000005722046,10,8,179,197,757,2812,457,487,93.83983572895276,00:00:00,23:59:30,7.62
208,4702921684_2016-04-20,4702921684,2016-04-20,8793,Somewhat active,7.13000011444092,0.159999996423721,1.23000001907349,5.73000001907349,2,29,260,291,717,3061,454,468,97.00854700854701,00:00:30,23:59:00,7.57
209,4702921684_2016-04-21,4702921684,2016-04-21,6530,Low active,5.30000019073486,0.310000002384186,2.04999995231628,2.94000005722046,4,41,144,189,901,2729,425,434,97.92626728110599,00:00:00,05:49:00,7.08
210,4702921684_2016-04-23,4702921684,2016-04-23,15126,Highly active,12.2700004577637,0.759999990463257,3.24000000953674,8.27000045776367,9,66,408,483,469,3691,465,475,97.89473684210527,00:00:30,23:59:00,7.75
211,4702921684_2016-04-24,4702921684,2016-04-24,15050,Highly active,12.2200002670288,1.20000004768372,5.11999988555908,5.88000011444092,15,95,281,391,542,3538,480,506,94.86166007905138,00:00:00,23:59:30,8.0
212,4702921684_2016-04-25,4702921684,2016-04-25,9167,Somewhat active,7.42999982833862,0.490000009536743,0.819999992847443,6.1100001335144,6,15,270,291,730,3064,370,380,97.36842105263158,00:00:30,23:59:00,6.17
213,4702921684_2016-04-26,4702921684,2016-04-26,6108,Low active,4.94999980926514,0.0700000002980232,0.349999994039536,4.53999996185303,1,8,216,225,765,2784,421,429,98.13519813519814,00:00:00,23:59:00,7.02
214,4702921684_2016-04-27,4702921684,2016-04-27,7047,Low active,5.71999979019165,0.0900000035762787,0.800000011920929,4.78000020980835,1,16,238,255,733,2908,432,449,96.21380846325167,00:00:00,23:59:00,7.2
215,4702921684_2016-04-28,4702921684,2016-04-28,9023,Somewhat active,7.32000017166138,1.12999999523163,0.419999986886978,5.76999998092651,14,9,232,255,738,3033,442,461,95.87852494577007,00:00:00,23:59:00,7.37
216,4702921684_2016-04-29,4702921684,2016-04-29,9930,Somewhat active,8.05000019073486,1.05999994277954,0.920000016689301,6.07000017166138,12,19,267,298,692,3165,433,447,96.86800894854586,00:00:00,23:59:00,7.22
217,4702921684_2016-04-30,4702921684,2016-04-30,10144,Active,8.22999954223633,0.319999992847443,2.02999997138977,5.88000011444092,4,36,263,303,728,3115,479,501,95.60878243512974,00:00:00,06:48:00,7.98
218,4702921684_2016-05-03,4702921684,2016-05-03,9454,Somewhat active,7.67000007629395,0.0,0.0,7.67000007629395,0,0,313,313,729,3145,327,373,87.66756032171583,00:00:00,23:59:30,5.45
219,4702921684_2016-05-04,4702921684,2016-05-04,8161,Somewhat active,6.61999988555908,0.340000003576279,0.730000019073486,5.53999996185303,4,15,251,270,757,3004,412,434,94.93087557603687,00:00:30,23:59:00,6.87
220,4702921684_2016-05-05,4702921684,2016-05-05,8614,Somewhat active,6.98999977111816,0.670000016689301,0.219999998807907,6.09000015258789,8,5,241,254,745,3006,414,428,96.72897196261682,00:00:00,23:59:00,6.9
221,4702921684_2016-05-06,4702921684,2016-05-06,6943,Low active,5.63000011444092,0.0799999982118607,0.660000026226044,4.86999988555908,1,16,207,224,682,2859,404,449,89.97772828507794,00:00:00,23:59:00,6.73
222,4702921684_2016-05-07,4702921684,2016-05-07,14370,Highly active,11.6499996185303,0.370000004768372,2.30999994277954,8.97000026702881,5,46,439,490,577,3683,520,543,95.76427255985267,00:00:00,06:12:00,8.67
223,4702921684_2016-05-07,4702921684,2016-05-07,14370,Highly active,11.6499996185303,0.370000004768372,2.30999994277954,8.97000026702881,5,46,439,490,577,3683,520,543,95.76427255985267,00:00:00,06:12:00,8.67
224,4702921684_2016-05-09,4702921684,2016-05-09,8232,Somewhat active,6.67999982833862,0.0,0.569999992847443,6.09999990463257,0,12,253,265,746,2990,435,458,94.97816593886463,00:00:30,23:59:00,7.25
225,4702921684_2016-05-10,4702921684,2016-05-10,10613,Active,8.60999965667725,0.0799999982118607,1.87999999523163,6.65000009536743,1,37,262,300,701,3172,416,431,96.51972157772622,00:00:00,23:59:00,6.93
226,4702921684_2016-05-11,4702921684,2016-05-11,9810,Somewhat active,7.96000003814697,0.779999971389771,2.16000008583069,4.98000001907349,10,41,235,286,784,3069,354,366,96.72131147540983,00:00:00,23:59:00,5.9
227,4702921684_2016-05-12,4702921684,2016-05-12,2752,Sedentary,2.23000001907349,0.0,0.0,2.23000001907349,0,0,68,68,241,1240,404,442,91.4027149321267,00:00:00,06:03:00,6.73
228,5553957443_2016-04-12,5553957443,2016-04-12,11596,Active,7.57000017166138,1.37000000476837,0.790000021457672,5.40999984741211,19,13,277,309,767,2026,441,464,95.04310344827587,00:00:00,06:03:00,7.35
229,5553957443_2016-04-13,5553957443,2016-04-13,4832,Sedentary,3.16000008583069,0.0,0.0,3.16000008583069,0,0,226,226,647,1718,455,488,93.23770491803278,00:19:30,23:59:30,7.58
230,5553957443_2016-04-14,5553957443,2016-04-14,17022,Highly active,11.1199998855591,4.0,2.45000004768372,4.67000007629395,61,41,256,358,693,2324,357,418,85.4066985645933,00:00:30,23:59:30,5.95
231,5553957443_2016-04-15,5553957443,2016-04-15,16556,Highly active,10.8599996566772,4.15999984741211,1.98000001907349,4.71000003814697,58,38,239,335,689,2254,377,409,92.1760391198044,00:00:30,23:59:00,6.28
232,5553957443_2016-04-16,5553957443,2016-04-16,5771,Low active,3.76999998092651,0.0,0.0,3.76999998092651,0,0,288,288,521,1831,651,686,94.89795918367348,00:00:00,12:27:00,10.85
233,5553957443_2016-04-17,5553957443,2016-04-17,655,Sedentary,0.430000007152557,0.0,0.0,0.430000007152557,0,0,46,46,943,1397,350,402,87.06467661691542,02:19:30,23:59:30,5.83
234,5553957443_2016-04-18,5553957443,2016-04-18,3727,Sedentary,2.4300000667572,0.0,0.0,2.4300000667572,0,0,206,206,622,1683,520,541,96.11829944547135,00:00:30,23:59:00,8.67
235,5553957443_2016-04-19,5553957443,2016-04-19,15482,Highly active,10.1099996566772,4.28000020980835,1.6599999666214,4.17999982833862,69,28,249,346,756,2284,357,410,87.07317073170732,00:00:00,23:59:00,5.95
236,5553957443_2016-04-20,5553957443,2016-04-20,2713,Sedentary,1.76999998092651,0.0,0.0,1.76999998092651,0,0,148,148,598,1570,658,678,97.05014749262537,00:00:00,23:59:30,10.97
237,5553957443_2016-04-21,5553957443,2016-04-21,12346,Active,8.0600004196167,2.95000004768372,2.16000008583069,2.96000003814697,47,42,177,266,801,2066,399,431,92.5754060324826,00:00:30,23:59:30,6.65
238,5553957443_2016-04-22,5553957443,2016-04-22,11682,Active,7.63000011444092,1.37999999523163,0.629999995231628,5.59999990463257,25,16,270,311,781,2105,322,353,91.21813031161473,00:00:30,05:47:30,5.37
239,5553957443_2016-04-23,5553957443,2016-04-23,4112,Sedentary,2.69000005722046,0.0,0.0,2.6800000667572,0,0,272,272,443,1776,631,725,87.0344827586207,00:39:30,15:14:30,10.52
240,5553957443_2016-04-24,5553957443,2016-04-24,1807,Sedentary,1.17999994754791,0.0,0.0,1.17999994754791,0,0,104,104,582,1507,553,640,86.40625,00:45:30,23:59:30,9.22
241,5553957443_2016-04-25,5553957443,2016-04-25,10946,Active,7.19000005722046,2.9300000667572,0.569999992847443,3.69000005722046,51,11,201,263,732,2033,433,468,92.52136752136752,00:00:30,23:59:00,7.22
242,5553957443_2016-04-26,5553957443,2016-04-26,11886,Active,7.76000022888184,2.36999988555908,0.930000007152557,4.46000003814697,40,18,238,296,750,2093,412,453,90.94922737306842,00:00:00,23:59:30,6.87
243,5553957443_2016-04-27,5553957443,2016-04-27,10538,Active,6.88000011444092,1.13999998569489,1.0,4.73999977111816,16,16,206,238,745,1922,347,391,88.7468030690537,00:00:30,23:59:30,5.78
244,5553957443_2016-04-28,5553957443,2016-04-28,11393,Active,7.63000011444092,3.71000003814697,0.75,3.17000007629395,49,13,165,227,727,1999,421,457,92.12253829321662,00:00:30,23:59:30,7.02
245,5553957443_2016-04-29,5553957443,2016-04-29,12764,Highly active,8.32999992370605,2.78999996185303,0.639999985694885,4.90999984741211,46,15,270,331,709,2169,450,495,90.9090909090909,00:00:30,23:59:00,7.5
246,5553957443_2016-04-30,5553957443,2016-04-30,1202,Sedentary,0.779999971389771,0.0,0.0,0.779999971389771,0,0,84,84,506,1463,775,843,91.93357058125741,00:00:00,23:59:00,12.92
247,5553957443_2016-05-01,5553957443,2016-05-01,5164,Low active,3.36999988555908,0.0,0.0,3.36999988555908,0,0,237,237,436,1747,622,686,90.67055393586006,00:00:00,23:59:00,10.37
248,5553957443_2016-05-02,5553957443,2016-05-02,9769,Somewhat active,6.38000011444092,1.05999994277954,0.409999996423721,4.90000009536743,23,9,227,259,724,1996,409,471,86.83651804670913,00:00:00,23:59:30,6.82
249,5553957443_2016-05-03,5553957443,2016-05-03,12848,Highly active,8.39000034332275,1.5,1.20000004768372,5.67999982833862,26,29,247,302,812,2116,380,429,88.57808857808858,00:00:30,05:25:30,6.33
250,5553957443_2016-05-04,5553957443,2016-05-04,4249,Sedentary,2.76999998092651,0.0,0.0,2.76999998092651,0,0,224,224,651,1698,447,470,95.1063829787234,00:30:30,23:59:00,7.45
251,5553957443_2016-05-05,5553957443,2016-05-05,14331,Highly active,9.51000022888184,3.4300000667572,1.6599999666214,4.42999982833862,44,29,241,314,692,2156,419,464,90.30172413793103,00:00:00,23:59:30,6.98
252,5553957443_2016-05-06,5553957443,2016-05-06,9632,Somewhat active,6.28999996185303,1.51999998092651,0.540000021457672,4.23000001907349,21,9,229,259,761,1916,400,434,92.16589861751152,00:00:30,23:59:00,6.67
253,5553957443_2016-05-07,5553957443,2016-05-07,1868,Sedentary,1.22000002861023,0.0,0.0,1.22000002861023,0,0,96,96,902,1494,442,470,94.04255319148936,00:00:00,23:59:00,7.37
254,5553957443_2016-05-08,5553957443,2016-05-08,6083,Low active,4.0,0.219999998807907,0.469999998807907,3.29999995231628,3,8,210,221,505,1762,568,608,93.42105263157895,00:00:00,23:59:30,9.47
255,5553957443_2016-05-09,5553957443,2016-05-09,11611,Active,7.57999992370605,2.13000011444092,0.889999985694885,4.55999994277954,59,22,251,332,667,2272,453,494,91.7004048582996,00:00:30,23:59:00,7.55
256,5553957443_2016-05-10,5553957443,2016-05-10,16358,Highly active,10.710000038147,3.86999988555908,1.61000001430511,5.19999980926514,61,40,265,366,707,2335,418,443,94.35665914221218,00:00:00,06:06:00,6.97
257,5553957443_2016-05-11,5553957443,2016-05-11,4926,Sedentary,3.22000002861023,0.0,0.0,3.22000002861023,0,0,195,195,628,1693,463,486,95.26748971193416,00:20:30,23:59:30,7.72
258,5553957443_2016-05-12,5553957443,2016-05-12,3121,Sedentary,2.03999996185303,0.579999983310699,0.400000005960464,1.05999994277954,8,6,48,62,222,741,438,475,92.21052631578948,00:00:30,05:43:30,7.3
259,5577150313_2016-04-12,5577150313,2016-04-12,8135,Somewhat active,6.07999992370605,3.59999990463257,0.379999995231628,2.09999990463257,86,16,140,242,728,3405,419,438,95.662100456621,00:00:00,23:59:00,6.98
260,5577150313_2016-04-13,5577150313,2016-04-13,5077,Low active,3.78999996185303,0.319999992847443,0.219999998807907,3.25,15,11,144,170,776,2551,432,458,94.32314410480349,00:00:00,23:59:00,7.2
261,5577150313_2016-04-14,5577150313,2016-04-14,8596,Somewhat active,6.42000007629395,3.32999992370605,0.310000002384186,2.77999997138977,118,30,176,324,662,4022,477,497,95.97585513078471,00:00:00,23:59:30,7.95
262,5577150313_2016-04-15,5577150313,2016-04-15,12087,Active,9.07999992370605,3.92000007629395,1.60000002384186,3.55999994277954,115,54,199,368,695,4005,392,413,94.91525423728814,00:00:30,23:59:00,6.53
263,5577150313_2016-04-16,5577150313,2016-04-16,14269,Highly active,10.6599998474121,6.6399998664856,1.27999997138977,2.73000001907349,184,56,158,398,472,4274,406,445,91.23595505617978,00:00:00,23:59:00,6.77
264,5577150313_2016-04-17,5577150313,2016-04-17,12231,Active,9.14000034332275,5.98000001907349,0.829999983310699,2.3199999332428,200,37,159,396,525,4552,549,583,94.16809605488851,00:00:00,23:59:00,9.15
265,5577150313_2016-04-18,5577150313,2016-04-18,9893,Somewhat active,7.3899998664856,4.8600001335144,0.720000028610229,1.82000005245209,114,32,130,276,623,3625,527,553,95.29837251356238,00:00:00,23:59:00,8.78
266,5577150313_2016-04-19,5577150313,2016-04-19,12574,Highly active,9.42000007629395,7.01999998092651,0.639999985694885,1.75999999046326,108,23,111,242,733,3501,449,465,96.55913978494624,00:00:00,23:59:00,7.48
267,5577150313_2016-04-20,5577150313,2016-04-20,8330,Somewhat active,6.21999979019165,4.11999988555908,0.340000003576279,1.75999999046326,87,16,113,216,773,3192,447,480,93.125,00:00:00,23:59:30,7.45
268,5577150313_2016-04-21,5577150313,2016-04-21,10830,Active,8.09000015258789,3.65000009536743,1.6599999666214,2.77999997138977,110,74,175,359,670,4018,414,437,94.73684210526315,00:00:30,23:59:30,6.9
269,5577150313_2016-04-22,5577150313,2016-04-22,9172,Somewhat active,6.84999990463257,2.42000007629395,0.790000021457672,3.29999995231628,62,30,200,292,823,3329,338,366,92.34972677595628,00:00:30,23:59:30,5.63
270,5577150313_2016-04-23,5577150313,2016-04-23,7638,Somewhat active,5.71000003814697,1.21000003814697,0.360000014305115,4.1399998664856,24,24,223,271,627,3152,384,402,95.52238805970148,00:00:30,23:59:30,6.4
271,5577150313_2016-04-24,5577150313,2016-04-24,15764,Highly active,11.7799997329712,7.65000009536743,2.15000009536743,1.98000001907349,210,65,141,416,425,4392,543,615,88.29268292682927,00:00:30,23:59:30,9.05
272,5577150313_2016-04-25,5577150313,2016-04-25,6393,Low active,4.78000020980835,1.35000002384186,0.670000016689301,2.75999999046326,61,38,214,313,743,3374,421,461,91.3232104121475,00:00:30,23:59:30,7.02
273,5577150313_2016-04-26,5577150313,2016-04-26,5325,Low active,3.98000001907349,0.850000023841858,0.649999976158142,2.47000002861023,38,32,181,251,759,3088,354,377,93.89920424403184,00:00:30,23:59:00,5.9
274,5577150313_2016-04-27,5577150313,2016-04-27,6805,Low active,5.1399998664856,1.80999994277954,0.400000005960464,2.9300000667572,63,16,190,269,773,3294,424,452,93.80530973451327,00:00:00,23:59:00,7.07
275,5577150313_2016-04-28,5577150313,2016-04-28,9841,Somewhat active,7.42999982833862,3.25,1.16999995708466,3.00999999046326,99,51,141,291,692,3580,361,372,97.04301075268818,00:00:00,23:59:30,6.02
276,5577150313_2016-04-29,5577150313,2016-04-29,7924,Somewhat active,5.92000007629395,2.83999991416931,0.610000014305115,2.47000002861023,97,36,165,298,739,3544,459,485,94.63917525773195,00:00:30,23:59:00,7.65
277,5577150313_2016-04-30,5577150313,2016-04-30,12363,Active,9.23999977111816,5.82999992370605,0.790000021457672,2.60999989509583,207,45,163,415,621,4501,412,433,95.1501154734411,00:00:00,23:59:00,6.87
278,5577150313_2016-05-01,5577150313,2016-05-01,13368,Highly active,9.98999977111816,5.30999994277954,1.44000005722046,3.24000000953674,194,72,178,444,499,4546,379,398,95.22613065326632,00:00:00,23:59:00,6.32
279,5577150313_2016-05-02,5577150313,2016-05-02,7439,Low active,5.55999994277954,1.12000000476837,0.349999994039536,4.07000017166138,37,20,235,292,732,3014,525,553,94.9367088607595,00:00:00,23:13:30,8.75
280,5577150313_2016-05-03,5577150313,2016-05-03,11045,Active,8.25,4.51999998092651,0.150000005960464,3.5699999332428,97,8,212,317,580,3795,508,543,93.55432780847146,12:25:30,21:27:30,8.47
281,5577150313_2016-05-04,5577150313,2016-05-04,5206,Low active,3.89000010490417,1.55999994277954,0.25,2.07999992370605,25,9,141,175,631,2755,603,634,95.11041009463722,10:30:00,21:03:00,10.05
282,5577150313_2016-05-05,5577150313,2016-05-05,7550,Somewhat active,5.6399998664856,2.5,0.469999998807907,2.67000007629395,45,21,143,209,1153,3004,74,78,94.87179487179486,13:02:00,14:19:00,1.23
283,5577150313_2016-05-10,5577150313,2016-05-10,8869,Somewhat active,6.65000009536743,2.55999994277954,0.75,3.34999990463257,104,37,194,335,639,3841,504,562,89.6797153024911,00:00:00,23:59:00,8.4
284,5577150313_2016-05-11,5577150313,2016-05-11,4038,Sedentary,3.03999996185303,1.83000004291534,0.300000011920929,0.889999985694885,45,15,63,123,257,1665,431,476,90.54621848739495,00:00:00,05:45:00,7.18
285,6117666160_2016-04-16,6117666160,2016-04-16,14450,Highly active,10.9099998474121,0.579999983310699,0.850000023841858,9.47999954223633,7,15,518,540,502,2828,380,398,95.47738693467338,00:46:00,07:23:00,6.33
286,6117666160_2016-04-17,6117666160,2016-04-17,7150,Low active,5.40000009536743,0.0,0.0,5.40000009536743,0,0,312,312,702,2225,336,350,96.0,03:22:00,23:59:00,5.6
287,6117666160_2016-04-18,6117666160,2016-04-18,5153,Low active,3.91000008583069,0.0,0.0,3.89000010490417,0,0,241,241,759,2018,493,510,96.66666666666667,00:00:00,23:59:30,8.22
288,6117666160_2016-04-19,6117666160,2016-04-19,11135,Active,8.40999984741211,0.0,0.0,8.40999984741211,0,0,480,480,425,2606,465,492,94.51219512195121,00:00:30,23:59:30,7.75
289,6117666160_2016-04-20,6117666160,2016-04-20,10449,Active,8.02000045776367,2.02999997138977,0.479999989271164,5.51999998092651,26,10,349,385,587,2536,474,502,94.42231075697211,00:00:30,23:59:00,7.9
290,6117666160_2016-04-21,6117666160,2016-04-21,19542,Highly active,15.0100002288818,0.980000019073486,0.400000005960464,5.61999988555908,11,19,294,324,579,4900,508,550,92.36363636363636,00:00:00,08:56:00,8.47
291,6117666160_2016-04-22,6117666160,2016-04-22,8206,Somewhat active,6.19999980926514,0.0,0.0,6.19999980926514,0,0,402,402,413,2409,480,546,87.91208791208791,00:26:00,23:59:30,8.0
292,6117666160_2016-04-23,6117666160,2016-04-23,11495,Active,8.68000030517578,0.0,0.0,8.68000030517578,0,0,512,512,468,2651,492,539,91.28014842300557,00:00:30,07:39:30,8.2
293,6117666160_2016-04-24,6117666160,2016-04-24,7623,Somewhat active,5.76000022888184,0.0,0.0,5.76000022888184,0,0,362,362,711,2305,353,367,96.18528610354224,02:04:00,08:10:00,5.88
294,6117666160_2016-04-27,6117666160,2016-04-27,9411,Somewhat active,7.1100001335144,0.0,0.0,7.1100001335144,0,0,458,458,417,2576,542,557,97.30700179533214,00:00:30,23:59:00,9.03
295,6117666160_2016-04-28,6117666160,2016-04-28,3403,Sedentary,2.59999990463257,0.0,0.0,2.59999990463257,0,0,141,141,758,1879,393,416,94.47115384615384,00:00:00,23:59:30,6.55
296,6117666160_2016-04-29,6117666160,2016-04-29,9592,Somewhat active,7.23999977111816,0.0,0.0,7.23999977111816,0,0,461,461,479,2560,600,636,94.33962264150944,00:00:30,08:18:30,10.0
297,6117666160_2016-05-01,6117666160,2016-05-01,8915,Somewhat active,6.73000001907349,0.0,0.0,6.73000001907349,0,0,397,397,525,2361,507,575,88.17391304347825,00:00:00,08:37:00,8.45
298,6117666160_2016-05-05,6117666160,2016-05-05,9799,Somewhat active,7.40000009536743,0.0,0.0,7.40000009536743,0,0,487,487,479,2636,392,415,94.4578313253012,00:00:00,23:59:30,6.53
299,6117666160_2016-05-06,6117666160,2016-05-06,3365,Sedentary,2.6800000667572,0.0,0.0,2.6800000667572,0,0,133,133,673,1838,658,698,94.26934097421203,00:00:30,14:58:00,10.97
300,6117666160_2016-05-07,6117666160,2016-05-07,7336,Low active,5.53999996185303,0.0,0.0,5.53999996185303,0,0,412,412,456,2469,498,507,98.22485207100591,01:01:00,23:59:00,8.3
301,6117666160_2016-05-08,6117666160,2016-05-08,7328,Low active,5.53000020980835,0.0,0.0,5.53000020980835,0,0,318,318,517,2250,555,603,92.03980099502488,00:00:00,23:59:30,9.25
302,6117666160_2016-05-09,6117666160,2016-05-09,4477,Sedentary,3.38000011444092,0.0,0.0,3.38000011444092,0,0,197,197,125,1248,492,522,94.25287356321839,00:00:30,07:34:30,8.2
303,6775888955_2016-04-13,6775888955,2016-04-13,4053,Sedentary,2.91000008583069,1.11000001430511,0.579999983310699,1.22000002861023,17,18,85,120,1053,2400,235,260,90.38461538461539,02:49:30,23:59:00,3.92
304,6775888955_2016-04-14,6775888955,2016-04-14,5162,Low active,3.70000004768372,0.870000004768372,0.860000014305115,1.97000002861023,14,24,105,143,863,2507,423,441,95.91836734693877,00:00:00,07:13:00,7.05
305,6775888955_2016-04-15,6775888955,2016-04-15,1282,Sedentary,0.920000016689301,0.0,0.0,0.920000016689301,0,0,58,58,976,2127,391,406,96.30541871921181,00:11:00,06:56:00,6.52
306,6962181067_2016-04-12,6962181067,2016-04-12,10199,Active,6.73999977111816,3.40000009536743,0.829999983310699,2.50999999046326,50,14,189,253,796,1994,366,387,94.57364341085271,00:23:30,23:59:00,6.1
307,6962181067_2016-04-13,6962181067,2016-04-13,5652,Low active,3.74000000953674,0.569999992847443,1.21000003814697,1.96000003814697,8,24,142,174,548,1718,630,679,92.78350515463917,00:00:00,23:59:30,10.5
308,6962181067_2016-04-14,6962181067,2016-04-14,1551,Sedentary,1.02999997138977,0.0,0.0,1.02999997138977,0,0,86,86,862,1466,508,535,94.95327102803738,00:00:30,08:12:00,8.47
309,6962181067_2016-04-15,6962181067,2016-04-15,5563,Low active,3.6800000667572,0.0,0.0,3.6800000667572,0,0,217,217,837,1756,370,386,95.85492227979275,00:23:00,06:48:00,6.17
310,6962181067_2016-04-16,6962181067,2016-04-16,13217,Highly active,8.73999977111816,3.66000008583069,0.189999997615814,4.88000011444092,50,3,280,333,741,2173,357,366,97.54098360655738,01:36:30,07:41:30,5.95
311,6962181067_2016-04-17,6962181067,2016-04-17,10145,Active,6.71000003814697,0.330000013113022,0.680000007152557,5.69000005722046,5,13,295,313,634,2027,427,446,95.73991031390135,00:06:30,23:59:30,7.12
312,6962181067_2016-04-18,6962181067,2016-04-18,11404,Active,7.53999996185303,0.829999983310699,2.39000010490417,4.32000017166138,13,42,238,293,689,2039,442,458,96.50655021834062,00:00:30,23:59:30,7.37
313,6962181067_2016-04-19,6962181067,2016-04-19,10742,Active,7.09999990463257,2.09999990463257,2.13000011444092,2.86999988555908,35,41,195,271,659,2046,476,535,88.97196261682242,00:00:30,23:59:00,7.93
314,6962181067_2016-04-20,6962181067,2016-04-20,13928,Highly active,9.55000019073486,4.28000020980835,0.189999997615814,5.09000015258789,48,4,297,349,639,2174,418,424,98.58490566037736,00:00:00,23:59:00,6.97
315,6962181067_2016-04-21,6962181067,2016-04-21,11835,Active,9.71000003814697,3.99000000953674,2.09999990463257,3.50999999046326,53,27,214,294,708,2179,451,457,98.6870897155361,00:00:00,23:59:00,7.52
316,6962181067_2016-04-22,6962181067,2016-04-22,10725,Active,7.09000015258789,1.76999998092651,1.54999995231628,3.76999998092651,30,33,240,303,659,2086,425,435,97.70114942528735,00:00:00,23:59:30,7.08
317,6962181067_2016-04-23,6962181067,2016-04-23,20031,Highly active,13.2399997711182,4.19999980926514,2.0,7.03999996185303,58,41,347,446,484,2571,528,546,96.7032967032967,00:00:30,07:51:30,8.8
318,6962181067_2016-04-24,6962181067,2016-04-24,5029,Low active,3.3199999332428,0.0,0.0,3.3199999332428,0,0,199,199,720,1705,511,514,99.41634241245137,00:00:00,23:59:00,8.52
319,6962181067_2016-04-25,6962181067,2016-04-25,13239,Highly active,9.27000045776367,3.01999998092651,1.67999994754791,4.46000003814697,35,31,282,348,637,2194,400,415,96.3855421686747,00:00:00,23:59:30,6.67
320,6962181067_2016-04-26,6962181067,2016-04-26,10433,Active,6.90000009536743,2.57999992370605,0.419999986886978,3.90000009536743,36,7,254,297,680,2012,441,446,98.87892376681614,00:00:30,23:59:00,7.35
321,6962181067_2016-04-27,6962181067,2016-04-27,10320,Active,6.82000017166138,0.550000011920929,2.01999998092651,4.25,7,38,279,324,697,2034,455,467,97.4304068522484,00:00:00,23:59:30,7.58
322,6962181067_2016-04-28,6962181067,2016-04-28,12627,Highly active,8.35000038146973,2.50999999046326,0.239999994635582,5.59000015258789,38,8,288,334,621,2182,440,453,97.13024282560706,00:00:30,23:59:00,7.33
323,6962181067_2016-04-29,6962181067,2016-04-29,10762,Active,7.1100001335144,0.819999992847443,0.479999989271164,5.80999994277954,12,15,369,396,645,2254,433,447,96.86800894854586,00:00:00,06:38:00,7.22
324,6962181067_2016-04-30,6962181067,2016-04-30,10081,Active,6.65999984741211,2.24000000953674,0.759999990463257,3.67000007629395,32,16,237,285,731,2002,422,424,99.52830188679245,01:29:00,08:32:00,7.03
325,6962181067_2016-05-01,6962181067,2016-05-01,5454,Low active,3.60999989509583,0.0,0.0,3.60999989509583,0,0,215,215,722,1740,411,426,96.47887323943662,00:24:00,23:59:00,6.85
326,6962181067_2016-05-02,6962181067,2016-05-02,12912,Highly active,8.53999996185303,1.20000004768372,2.0,5.34000015258789,18,39,313,370,655,2162,466,482,96.6804979253112,00:00:00,23:59:30,7.77
327,6962181067_2016-05-03,6962181067,2016-05-03,12109,Active,8.11999988555908,1.74000000953674,2.03999996185303,4.32999992370605,21,36,267,324,654,2072,394,418,94.25837320574163,00:00:30,23:59:00,6.57
328,6962181067_2016-05-04,6962181067,2016-05-04,10147,Active,6.71000003814697,0.469999998807907,1.67999994754791,4.55000019073486,15,36,284,335,683,2086,442,455,97.14285714285714,00:00:00,23:59:00,7.37
329,6962181067_2016-05-05,6962181067,2016-05-05,10524,Active,6.96000003814697,0.990000009536743,1.1599999666214,4.80999994277954,14,22,305,341,591,2066,467,491,95.11201629327903,00:00:00,23:59:00,7.78
330,6962181067_2016-05-06,6962181067,2016-05-06,5908,Low active,3.91000008583069,0.0,0.0,3.91000008583069,0,0,299,299,717,1850,443,462,95.88744588744589,00:00:00,07:03:00,7.38
331,6962181067_2016-05-07,6962181067,2016-05-07,6815,Low active,4.5,0.0,0.0,4.5,0,0,328,328,745,1947,298,334,89.22155688622755,03:10:30,23:59:00,4.97
332,6962181067_2016-05-08,6962181067,2016-05-08,4188,Sedentary,2.76999998092651,0.0,0.519999980926514,2.25,0,14,151,165,709,1659,541,569,95.07908611599298,00:00:00,23:59:00,9.02
333,6962181067_2016-05-09,6962181067,2016-05-09,12342,Active,8.72000026702881,3.90000009536743,1.17999994754791,3.65000009536743,43,21,231,295,607,2105,489,497,98.39034205231388,00:00:00,23:59:00,8.15
334,6962181067_2016-05-10,6962181067,2016-05-10,15448,Highly active,10.210000038147,3.47000002861023,1.75,4.98999977111816,62,34,275,371,626,2361,469,481,97.5051975051975,00:00:00,23:59:00,7.82
335,6962181067_2016-05-11,6962181067,2016-05-11,6722,Low active,4.44000005722046,1.49000000953674,0.310000002384186,2.65000009536743,24,7,199,230,709,1855,452,480,94.16666666666667,00:00:00,23:59:00,7.53
336,6962181067_2016-05-12,6962181067,2016-05-12,3587,Sedentary,2.36999988555908,0.0,0.25,2.10999989509583,0,8,105,113,127,928,516,535,96.44859813084112,00:00:00,08:00:00,8.6
337,7007744171_2016-04-16,7007744171,2016-04-16,4631,Sedentary,3.09999990463257,0.0,0.0,3.09999990463257,0,0,203,203,1155,2076,79,82,96.34146341463415,14:06:30,15:27:30,1.32
338,7007744171_2016-05-01,7007744171,2016-05-01,5600,Low active,3.75,0.0,0.0,3.75,0,0,237,237,1142,2225,58,61,95.08196721311475,11:29:30,12:29:30,0.97
339,7086361926_2016-04-12,7086361926,2016-04-12,11317,Active,8.40999984741211,5.26999998092651,0.150000005960464,2.97000002861023,59,6,153,218,745,2772,514,525,97.90476190476191,00:00:30,23:59:00,8.57
340,7086361926_2016-04-13,7086361926,2016-04-13,5813,Low active,3.61999988555908,0.560000002384186,0.209999993443489,2.83999991416931,31,26,155,212,744,2516,451,465,96.98924731182795,00:00:00,23:59:00,7.52
341,7086361926_2016-04-14,7086361926,2016-04-14,9123,Somewhat active,6.11999988555908,2.02999997138977,0.330000013113022,3.66000008583069,35,32,189,256,787,2734,472,476,99.15966386554622,00:00:00,06:36:00,7.87
342,7086361926_2016-04-15,7086361926,2016-04-15,8585,Somewhat active,5.67000007629395,2.03999996185303,1.11000001430511,2.52999997138977,30,21,139,190,864,2395,377,386,97.66839378238342,00:19:00,06:44:00,6.28
343,7086361926_2016-04-19,7086361926,2016-04-19,10688,Active,7.28999996185303,3.52999997138977,1.23000001907349,2.50999999046326,67,69,124,260,671,2944,472,483,97.72256728778468,00:00:00,23:59:00,7.87
344,7086361926_2016-04-20,7086361926,2016-04-20,14365,Highly active,10.6400003433228,7.6399998664856,0.449999988079071,2.53999996185303,87,13,145,245,797,2997,492,502,98.00796812749005,00:00:00,06:37:00,8.2
345,7086361926_2016-04-21,7086361926,2016-04-21,9469,Somewhat active,6.17999982833862,1.36000001430511,0.300000011920929,4.51000022888184,19,6,206,231,758,2463,390,411,94.8905109489051,00:06:00,23:59:00,6.5
346,7086361926_2016-04-22,7086361926,2016-04-22,9753,Somewhat active,6.53000020980835,2.86999988555908,0.970000028610229,2.67000007629395,58,59,153,270,762,2846,428,448,95.53571428571429,00:00:00,06:47:00,7.13
347,7086361926_2016-04-24,7086361926,2016-04-24,3520,Sedentary,2.16000008583069,0.0,0.0,2.15000009536743,0,0,125,125,566,2049,681,704,96.73295454545455,00:27:00,23:59:00,11.35
348,7086361926_2016-04-25,7086361926,2016-04-25,10091,Active,6.82000017166138,3.75,0.699999988079071,2.36999988555908,69,39,129,237,706,2752,446,447,99.77628635346755,00:00:00,23:59:00,7.43
349,7086361926_2016-04-26,7086361926,2016-04-26,10387,Active,7.07000017166138,4.15999984741211,0.769999980926514,2.11999988555908,70,33,132,235,726,2781,485,500,97.0,00:00:00,23:59:00,8.08
350,7086361926_2016-04-27,7086361926,2016-04-27,11107,Active,8.34000015258789,5.63000011444092,0.180000007152557,2.52999997138977,55,6,145,206,829,2693,469,479,97.91231732776617,00:00:00,06:44:00,7.82
351,7086361926_2016-04-28,7086361926,2016-04-28,11584,Active,7.80000019073486,2.78999996185303,1.63999998569489,3.35999989509583,54,48,161,263,810,2862,354,367,96.45776566757493,00:43:00,06:49:00,5.9
352,7086361926_2016-04-30,7086361926,2016-04-30,14560,Highly active,9.40999984741211,3.11999988555908,1.03999996185303,5.23999977111816,42,17,308,367,584,2995,485,489,99.18200408997954,01:30:00,09:38:00,8.08
353,7086361926_2016-05-01,7086361926,2016-05-01,12390,Active,8.06999969482422,2.29999995231628,0.899999976158142,4.84999990463257,30,15,258,303,685,2730,388,407,95.33169533169533,00:28:00,23:59:00,6.47
354,7086361926_2016-05-02,7086361926,2016-05-02,10052,Active,6.80999994277954,3.48000001907349,0.660000026226044,2.66000008583069,66,26,139,231,737,2754,440,459,95.86056644880175,00:00:00,23:59:00,7.33
355,7086361926_2016-05-03,7086361926,2016-05-03,10288,Active,6.76000022888184,2.74000000953674,0.850000023841858,3.16000008583069,57,36,152,245,761,2754,456,461,98.91540130151843,00:00:00,23:59:00,7.6
356,7086361926_2016-05-04,7086361926,2016-05-04,10988,Active,8.3100004196167,5.28000020980835,0.119999997317791,2.90000009536743,45,12,135,192,843,2655,420,436,96.3302752293578,00:00:00,06:44:00,7.0
357,7086361926_2016-05-06,7086361926,2016-05-06,12461,Active,8.38000011444092,3.8199999332428,1.42999994754791,3.11999988555908,84,35,154,273,834,2924,322,333,96.69669669669669,01:15:00,06:47:00,5.37
358,7086361926_2016-05-07,7086361926,2016-05-07,12827,Highly active,8.47999954223633,1.46000003814697,2.32999992370605,4.67999982833862,20,42,209,271,621,2739,530,548,96.71532846715328,00:29:00,09:36:00,8.83
359,7086361926_2016-05-08,7086361926,2016-05-08,10677,Active,7.09999990463257,2.30999994277954,1.52999997138977,3.25,32,27,147,206,695,2534,481,510,94.31372549019608,00:06:00,23:59:00,8.02
360,7086361926_2016-05-09,7086361926,2016-05-09,13566,Highly active,9.10999965667725,4.26000022888184,1.71000003814697,3.11999988555908,67,50,171,288,743,2960,427,438,97.48858447488584,00:00:00,06:48:00,7.12
361,7086361926_2016-05-11,7086361926,2016-05-11,9572,Somewhat active,6.51999998092651,2.89000010490417,1.38999998569489,2.23000001907349,57,40,128,225,757,2735,451,463,97.40820734341253,00:00:30,23:59:30,7.52
362,7086361926_2016-05-12,7086361926,2016-05-12,3789,Sedentary,2.55999994277954,0.379999995231628,0.270000010728836,1.88999998569489,5,4,58,67,343,1199,444,457,97.15536105032822,00:00:30,06:45:30,7.4
363,8053475328_2016-04-20,8053475328,2016-04-20,15108,Highly active,12.1899995803833,9.57999992370605,0.230000004172325,2.38000011444092,89,5,158,252,695,3043,486,493,98.58012170385395,02:29:00,10:41:00,8.1
364,8053475328_2016-04-23,8053475328,2016-04-23,22359,Highly active,17.1900005340576,12.539999961853,0.629999995231628,4.01999998092651,125,14,223,362,741,3554,331,337,98.21958456973294,03:36:00,09:12:00,5.52
365,8053475328_2016-05-07,8053475328,2016-05-07,19769,Highly active,15.6700000762939,12.4399995803833,0.879999995231628,2.34999990463257,121,20,148,289,1076,3331,74,75,98.66666666666667,19:49:00,21:03:00,1.23
366,8378563200_2016-04-12,8378563200,2016-04-12,7626,Somewhat active,6.05000019073486,0.829999983310699,0.709999978542328,4.5,65,15,156,236,723,3635,338,356,94.9438202247191,00:00:00,23:59:30,5.63
367,8378563200_2016-04-13,8378563200,2016-04-13,12386,Active,9.81999969482422,4.96000003814697,0.649999976158142,4.21000003814697,116,14,169,299,680,4079,447,487,91.78644763860369,00:00:30,23:59:00,7.45
368,8378563200_2016-04-14,8378563200,2016-04-14,13318,Highly active,10.5600004196167,5.61999988555908,1.02999997138977,3.91000008583069,123,21,174,318,699,4163,424,455,93.18681318681318,00:00:00,23:59:00,7.07
369,8378563200_2016-04-15,8378563200,2016-04-15,14461,Highly active,11.4700002670288,4.90999984741211,1.14999997615814,5.40999984741211,60,23,190,273,729,3666,513,533,96.24765478424015,00:00:00,23:59:00,8.55
370,8378563200_2016-04-16,8378563200,2016-04-16,11207,Active,8.89000034332275,5.36999988555908,1.07000005245209,2.44000005722046,64,21,142,227,563,3363,611,689,88.67924528301887,00:00:00,23:59:00,10.18
371,8378563200_2016-04-17,8378563200,2016-04-17,2132,Sedentary,1.69000005722046,0.0,0.0,1.69000005722046,0,0,93,93,599,2572,525,591,88.83248730964468,00:00:00,23:59:00,8.75
372,8378563200_2016-04-18,8378563200,2016-04-18,13630,Highly active,10.8100004196167,5.05000019073486,0.560000002384186,5.19999980926514,117,10,174,301,720,4157,398,451,88.24833702882484,00:00:00,23:59:00,6.63
373,8378563200_2016-04-19,8378563200,2016-04-19,13070,Highly active,10.3599996566772,5.30000019073486,0.879999995231628,4.17999982833862,120,19,154,293,737,4092,387,421,91.92399049881234,00:00:00,23:59:30,6.45
374,8378563200_2016-04-20,8378563200,2016-04-20,9388,Somewhat active,7.44000005722046,2.23000001907349,0.439999997615814,4.78000020980835,82,8,169,259,763,3787,381,409,93.15403422982885,00:00:30,23:59:00,6.35
375,8378563200_2016-04-21,8378563200,2016-04-21,15148,Highly active,12.0100002288818,6.90000009536743,0.819999992847443,4.28999996185303,137,16,145,298,677,4236,396,417,94.96402877697841,00:00:00,23:59:00,6.6
376,8378563200_2016-04-22,8378563200,2016-04-22,12200,Active,9.67000007629395,4.90999984741211,0.589999973773956,4.17999982833862,113,12,159,284,769,4044,441,469,94.02985074626866,00:00:00,23:59:00,7.35
377,8378563200_2016-04-23,8378563200,2016-04-23,5709,Low active,4.53000020980835,1.51999998092651,0.519999980926514,2.48000001907349,19,10,136,165,740,2908,565,591,95.60067681895093,00:00:00,23:59:30,9.42
378,8378563200_2016-04-24,8378563200,2016-04-24,3703,Sedentary,2.94000005722046,0.0,0.0,2.94000005722046,0,0,135,135,734,2741,458,492,93.08943089430895,00:00:30,23:59:30,7.63
379,8378563200_2016-04-25,8378563200,2016-04-25,12405,Active,9.84000015258789,5.05000019073486,0.870000004768372,3.92000007629395,117,16,141,274,692,4005,388,402,96.51741293532339,00:00:30,23:59:00,6.47
380,8378563200_2016-04-25,8378563200,2016-04-25,12405,Active,9.84000015258789,5.05000019073486,0.870000004768372,3.92000007629395,117,16,141,274,692,4005,388,402,96.51741293532339,00:00:30,23:59:00,6.47
381,8378563200_2016-04-26,8378563200,2016-04-26,16208,Highly active,12.8500003814697,7.51000022888184,0.920000016689301,4.42000007629395,90,18,161,269,593,3763,550,584,94.17808219178082,00:00:00,23:59:00,9.17
382,8378563200_2016-04-27,8378563200,2016-04-27,7359,Low active,5.84000015258789,0.330000013113022,0.180000007152557,5.32999992370605,4,4,192,200,676,3061,531,600,88.5,00:00:00,23:59:00,8.85
383,8378563200_2016-04-28,8378563200,2016-04-28,5417,Low active,4.30000019073486,0.899999976158142,0.490000009536743,2.91000008583069,11,10,139,160,711,2884,506,556,91.00719424460432,00:00:00,23:59:30,8.43
384,8378563200_2016-04-29,8378563200,2016-04-29,6175,Low active,4.90000009536743,0.25,0.360000014305115,4.26999998092651,3,7,172,182,767,2982,527,562,93.77224199288257,00:00:30,23:59:00,8.78
385,8378563200_2016-04-30,8378563200,2016-04-30,2946,Sedentary,2.33999991416931,0.0,0.0,2.33999991416931,0,0,121,121,780,2660,468,555,84.32432432432432,00:00:00,23:59:30,7.8
386,8378563200_2016-05-01,8378563200,2016-05-01,11419,Active,9.0600004196167,6.03000020980835,0.560000002384186,2.47000002861023,71,10,127,208,669,3369,475,539,88.12615955473099,00:00:30,23:59:00,7.92
387,8378563200_2016-05-02,8378563200,2016-05-02,6064,Low active,4.80999994277954,0.629999995231628,0.170000001788139,4.01000022888184,63,4,142,209,802,3491,351,385,91.16883116883116,00:00:00,23:59:00,5.85
388,8378563200_2016-05-03,8378563200,2016-05-03,8712,Somewhat active,6.90999984741211,1.3400000333786,1.05999994277954,4.5,71,20,195,286,822,3784,405,429,94.4055944055944,00:00:00,23:59:00,6.75
389,8378563200_2016-05-04,8378563200,2016-05-04,7875,Somewhat active,6.23999977111816,1.55999994277954,0.490000009536743,4.19999980926514,19,10,167,196,680,3110,441,477,92.45283018867924,00:00:00,23:59:00,7.35
390,8378563200_2016-05-05,8378563200,2016-05-05,8567,Somewhat active,6.78999996185303,0.889999985694885,0.159999996423721,5.73999977111816,66,3,214,283,764,3783,381,417,91.36690647482014,00:00:00,23:59:00,6.35
391,8378563200_2016-05-06,8378563200,2016-05-06,7045,Low active,5.59000015258789,1.54999995231628,0.25,3.77999997138977,74,5,166,245,831,3644,323,355,90.98591549295774,00:00:00,23:59:30,5.38
392,8378563200_2016-05-07,8378563200,2016-05-07,4468,Sedentary,3.53999996185303,0.0,0.0,3.53999996185303,0,0,158,158,851,2799,459,513,89.47368421052632,00:00:30,23:59:00,7.65
393,8378563200_2016-05-08,8378563200,2016-05-08,2943,Sedentary,2.32999992370605,0.0,0.0,2.32999992370605,0,0,139,139,621,2685,545,606,89.93399339933993,00:00:00,23:59:30,9.08
394,8378563200_2016-05-09,8378563200,2016-05-09,8382,Somewhat active,6.65000009536743,1.26999998092651,0.660000026226044,4.71999979019165,71,13,171,255,772,3721,359,399,89.97493734335839,00:00:30,23:59:30,5.98
395,8378563200_2016-05-10,8378563200,2016-05-10,6582,Low active,5.21999979019165,0.660000026226044,0.639999985694885,3.92000007629395,63,13,152,228,840,3586,342,391,87.46803069053708,00:00:30,23:59:30,5.7
396,8378563200_2016-05-11,8378563200,2016-05-11,9143,Somewhat active,7.25,1.38999998569489,0.589999973773956,5.26999998092651,72,10,184,266,763,3788,368,387,95.09043927648578,00:00:30,23:59:00,6.13
397,8378563200_2016-05-12,8378563200,2016-05-12,4561,Sedentary,3.61999988555908,0.649999976158142,0.270000010728836,2.69000005722046,8,6,102,116,433,1976,496,546,90.84249084249085,00:00:00,06:34:00,8.27
398,8792009665_2016-04-12,8792009665,2016-04-12,2564,Sedentary,1.63999998569489,0.0,0.0,1.63999998569489,0,0,116,116,831,2044,458,493,92.90060851926978,01:51:00,10:03:00,7.63
399,8792009665_2016-04-13,8792009665,2016-04-13,1320,Sedentary,0.839999973773956,0.0,0.0,0.839999973773956,0,0,82,82,806,1934,531,552,96.19565217391305,01:18:00,10:29:00,8.85
400,8792009665_2016-04-14,8792009665,2016-04-14,1219,Sedentary,0.779999971389771,0.0,0.0,0.779999971389771,0,0,84,84,853,1963,486,503,96.62027833001989,02:34:00,10:56:00,8.1
401,8792009665_2016-04-15,8792009665,2016-04-15,2483,Sedentary,1.5900000333786,0.0,0.0,1.5900000333786,0,0,126,126,937,2009,363,377,96.28647214854111,03:17:00,09:33:00,6.05
402,8792009665_2016-04-20,8792009665,2016-04-20,3147,Sedentary,2.00999999046326,0.0,0.280000001192093,1.74000000953674,0,10,139,149,744,2188,528,547,96.52650822669105,02:13:00,11:19:00,8.8
403,8792009665_2016-04-22,8792009665,2016-04-22,4068,Sedentary,2.59999990463257,0.0500000007450581,0.280000001192093,2.26999998092651,1,20,195,216,817,2419,391,407,96.06879606879608,02:02:00,08:48:00,6.52
404,8792009665_2016-04-23,8792009665,2016-04-23,5245,Low active,3.35999989509583,0.159999996423721,0.439999997615814,2.75,8,45,232,285,795,2748,339,360,94.16666666666667,03:15:00,09:14:00,5.65
405,8792009665_2016-04-27,8792009665,2016-04-27,1758,Sedentary,1.12999999523163,0.0,0.0,1.12999999523163,0,0,112,112,900,2067,423,428,98.83177570093457,02:11:00,09:18:00,7.05
406,8792009665_2016-04-28,8792009665,2016-04-28,6157,Low active,3.94000005722046,0.0,0.0,3.94000005722046,0,0,310,310,714,2780,402,416,96.63461538461539,02:43:00,09:38:00,6.7
407,8792009665_2016-04-29,8792009665,2016-04-29,8360,Somewhat active,5.34999990463257,0.140000000596046,0.280000001192093,4.92999982833862,6,14,380,400,634,3101,398,406,98.0295566502463,02:19:00,09:04:00,6.63
408,8792009665_2016-04-30,8792009665,2016-04-30,7174,Low active,4.59000015258789,0.330000013113022,0.360000014305115,3.91000008583069,10,20,301,331,749,2896,343,360,95.27777777777777,02:20:00,08:19:00,5.72
409,8792009665_2016-05-01,8792009665,2016-05-01,1619,Sedentary,1.03999996185303,0.0,0.0,1.03999996185303,0,0,79,79,834,1962,503,527,95.44592030360532,01:04:00,09:50:00,8.38
410,8792009665_2016-05-02,8792009665,2016-05-02,1831,Sedentary,1.16999995708466,0.0,0.0,1.16999995708466,0,0,101,101,916,2015,415,423,98.10874704491725,02:34:30,09:36:30,6.92
411,8792009665_2016-05-03,8792009665,2016-05-03,2421,Sedentary,1.54999995231628,0.0,0.0,1.54999995231628,0,0,156,156,739,2297,516,545,94.67889908256882,02:00:30,11:04:30,8.6
412,8792009665_2016-05-04,8792009665,2016-05-04,2283,Sedentary,1.46000003814697,0.0,0.0,1.46000003814697,0,0,129,129,848,2067,439,463,94.81641468682506,02:21:00,10:03:00,7.32
